filename, Ambulance, Bus, Car, Motorcycle, Truck
7845ed5a26cb9fd4_jpg.rf.4774c33772ba8a86565de0d4ab90a688.jpg, 0, 0, 1, 0, 0
da386cf96761ef58_jpg.rf.3fe7704d2d3bb730cf1d6f20a00bb394.jpg, 1, 0, 0, 0, 0
d8457fa9476ca19f_jpg.rf.3ed8724e9eb05417ffc9a0e60eaf2832.jpg, 0, 0, 0, 1, 0
abbe2d8b6072322a_jpg.rf.48dfa7eadaba905cf0cf2d737267d2ff.jpg, 0, 0, 1, 0, 0
cc266fd9ac857379_jpg.rf.450c264f0add70543b221aa06cd478b0.jpg, 0, 0, 1, 0, 0
6369f9d6c2bfab75_jpg.rf.404ceaa387f9997529b187d3aa893a3e.jpg, 0, 0, 0, 0, 1
66f8fb08aec69f56_jpg.rf.404a4d9dd556b274ac93b3cb059e3d37.jpg, 1, 0, 0, 0, 0
7eecf7ff2aaa158b_jpg.rf.3eHXD0wrKKiC21j4psJI.jpg, 0, 0, 0, 0, 1
20db335ae6d55102_jpg.rf.3e6cfef62ff9a25e20e024e40b3d74d4.jpg, 0, 0, 1, 0, 0
878749c0431be08b_jpg.rf.3f4570324e5e409d69f5582256fd0065.jpg, 0, 0, 0, 1, 0
cb4e0dac761c5e79_jpg.rf.3f328815a9791328053b98a2cf76dc5c.jpg, 0, 0, 1, 0, 0
302b0d606203f3d2_jpg.rf.40e2a52cfee1ae99d4cddc53e1fde830.jpg, 0, 1, 0, 0, 0
7c4956f09516e64c_jpg.rf.3hDayW18kgEajtxyQ4XM.jpg, 0, 0, 1, 0, 0
91e11943f15e4b3c_jpg.rf.4501c4497e208272c8c8935dd349cadc.jpg, 0, 0, 1, 0, 0
3b53976a94e33073_jpg.rf.4909479cba7818468fd1cbc1c8868d2a.jpg, 0, 0, 0, 0, 1
52ecf401e54ac404_jpg.rf.44jBfZ4gSZdkxALgaVhF.jpg, 1, 0, 0, 0, 0
52c0ecb1f2fdebd4_jpg.rf.450dcee988874c3f0d66b0a1493bdf5c.jpg, 0, 0, 1, 0, 0
062e230c4506d21d_jpg.rf.49faa5bf56e061d53eaa7bdf92a86e1f.jpg, 0, 0, 1, 0, 0
edf2794344b68506_jpg.rf.421da5c22eec803b8971abc5918e9b58.jpg, 0, 0, 0, 0, 1
7fe975e3425882fe_jpg.rf.43f25c85e5a637020e70388d68b7c0d8.jpg, 0, 1, 0, 0, 0
dc8bd5855688ad54_jpg.rf.3zaQDpaiY623Jd0yrC25.jpg, 0, 0, 1, 0, 0
3ded02412ac12d4b_jpg.rf.490b885e535009a03b9c6ebea22efa6e.jpg, 0, 1, 0, 0, 0
d5eee03017071328_jpg.rf.49C1MwmsirEBWNkycgWk.jpg, 1, 0, 0, 0, 0
ee31b3fa576d6ee9_jpg.rf.4TMmlE0UIg4Y7cGeXa7W.jpg, 1, 0, 0, 0, 0
1b43e569dfb2d630_jpg.rf.3mxD27XM3EEYlgrpJVWa.jpg, 0, 0, 1, 0, 0
f1200c263667e455_jpg.rf.4aa74a3b3fe23ff79416758e7b48ea9a.jpg, 0, 0, 0, 0, 1
024a282cdc754de8_jpg.rf.44u6VPjwAgn89uVtquBu.jpg, 0, 0, 1, 0, 0
d8b725a5e406bf77_jpg.rf.4a1b8136fd8ff4f981e50ed6ecc18645.jpg, 0, 1, 0, 0, 0
6f2cc554e1c2a402_jpg.rf.47QdZr1pXaeNToff9sOp.jpg, 0, 0, 1, 0, 0
5e61a07f1d23ec8d_jpg.rf.4aa34423e3852c263687db24ff5037ad.jpg, 1, 0, 0, 0, 0
34dfa486fec6e0bc_jpg.rf.4bc3aee60f73d97762500d507ff1d4e4.jpg, 0, 0, 0, 1, 0
4b223d28e75b30c4_jpg.rf.5075184bd77162f505b1ec311cf9d44b.jpg, 0, 1, 0, 0, 0
b9e2a70f60d7473b_jpg.rf.4e0f351e8a2c402bb137444c45546b10.jpg, 0, 0, 1, 0, 0
6ff911eff6b2b445_jpg.rf.4d1e4ee4912441f930e8eb572daaa15d.jpg, 0, 1, 0, 0, 0
8d7a89e438cd9f89_jpg.rf.4efd99c670fac48cc14e38abdfafcc38.jpg, 1, 0, 0, 0, 0
ee2cd94b9d7fdba0_jpg.rf.4cf155111e0899701e4938162a4d51f4.jpg, 0, 0, 1, 0, 0
9c5cf4fed30054f2_jpg.rf.4c9KkOPfM8k1SOgmUfY3.jpg, 0, 0, 0, 0, 1
a6584f0e0dcbf71c_jpg.rf.48phEzrkG4oJ2npOmMcJ.jpg, 0, 0, 1, 0, 0
8ba28eeec6f1a78c_jpg.rf.4TXOeuDTXBzOOyR7RdXP.jpg, 0, 0, 1, 0, 0
3434d3efad0adef5_jpg.rf.4RSrfUkrTxuESlpH5RCV.jpg, 0, 0, 0, 1, 0
d19ab46e7433e5b6_jpg.rf.4yT4Eszbij6IPwCViMGY.jpg, 0, 0, 1, 0, 0
d19ab46e7433e5b6_jpg.rf.4cef7c9c9dd797510c9660d98ba9f5d4.jpg, 0, 0, 1, 0, 0
0dddb5e2bc416a16_jpg.rf.5251d5e30ac2b063ecc31284d512c8c1.jpg, 1, 0, 0, 0, 0
b55c2626eb8387c4_jpg.rf.51efbc941db668f5d16e2c556cb8991b.jpg, 0, 0, 1, 0, 0
a6bae981a16ab9a6_jpg.rf.51773282f8cc4691c58f8f1929949c3b.jpg, 0, 0, 1, 0, 0
0ebb654be1697247_jpg.rf.4PgyE4UaSZWY46uuYR6d.jpg, 1, 0, 0, 0, 0
a3a9d9452578defa_jpg.rf.536bf98fdd94efa93741ed8349c18d03.jpg, 0, 1, 0, 0, 0
3e485b3cb8cb0739_jpg.rf.550ad500da07f3ef54f7d05d9e36f549.jpg, 0, 0, 1, 0, 0
8d9eabbbc5f0ef15_jpg.rf.4dXUQLh1Xt2rYnf5PuAR.jpg, 0, 0, 1, 0, 0
d82e0b91d310037c_jpg.rf.4hCLvTacdtTekK9gtGgb.jpg, 0, 0, 0, 0, 1
82d83aabe4bbc7f5_jpg.rf.55342f25fe964cb9c9b4408e01bd3414.jpg, 0, 0, 1, 0, 0
b26314890a9cc3a8_jpg.rf.4e49e8a724936927f6e4af5c06b9241a.jpg, 0, 0, 1, 0, 0
cf8379de677b7911_jpg.rf.52ee6a4a07ef40aa726fc7664ddc48a6.jpg, 1, 0, 0, 0, 0
8e1ded483cacc175_jpg.rf.5652fefc820cfc42d237b3a5b932cb46.jpg, 0, 0, 0, 0, 1
cc9784b20f5059c6_jpg.rf.5703106be433fef45977f1b28977d6f5.jpg, 0, 0, 1, 0, 0
7fc3bf7ec6900b1e_jpg.rf.570fc7264c40a5f25011e57c74e0a826.jpg, 0, 1, 0, 0, 0
8d9eabbbc5f0ef15_jpg.rf.543ae97f969e5e1ef02cb1d740ced403.jpg, 0, 0, 1, 0, 0
8d0f8a2eb446328a_jpg.rf.5396ad3eb475715489428876a6095e9b.jpg, 0, 1, 0, 0, 0
d5eee03017071328_jpg.rf.519ddac135ec9b028391b060be3950df.jpg, 1, 0, 0, 0, 0
b6bab9d58f2b26b8_jpg.rf.4M2dO8riFMlUswkOM25R.jpg, 0, 1, 0, 0, 0
00e13aca7d2f904a_jpg.rf.52342966f5a37167f8cfd7ea3f4dacef.jpg, 0, 0, 0, 0, 1
68caac3407b2275f_jpg.rf.56e5bb756dc420e55757ca4d5f816037.jpg, 1, 0, 0, 0, 0
4449601908f2515e_jpg.rf.5a2dab27879128d9fabab09c8e6a3f31.jpg, 0, 1, 0, 0, 0
9c5cf4fed30054f2_jpg.rf.55e1c3dc00ad0ca230085fd1747b61f6.jpg, 0, 0, 0, 0, 1
26513c95488eebdd_jpg.rf.5772ab3ff445c2586e1aec82fc2298e3.jpg, 0, 0, 0, 0, 1
00e2d9121adc0c20_jpg.rf.50fa25618ccc9f0ebf59f2ffe64cf298.jpg, 1, 0, 0, 0, 0
3a7cb48aac371b62_jpg.rf.55f56880ca205b6e3ff7750d7ccc93d5.jpg, 0, 1, 0, 0, 0
041e674d0d9a45ec_jpg.rf.57186db30275039dfd2ce804b9626963.jpg, 0, 0, 0, 1, 0
4449601908f2515e_jpg.rf.5Jk2EhrY5Osv4YZRuqW4.jpg, 0, 1, 0, 0, 0
a86e99068ec8dade_jpg.rf.58f16a1a1d5d498f824c211d143cfb88.jpg, 0, 0, 1, 0, 0
c27036c5b7baaa04_jpg.rf.58f0352e8f6792ad1df8e037fccae554.jpg, 0, 1, 0, 0, 0
3b53976a94e33073_jpg.rf.4TuTVltHshqNZA8wpDxI.jpg, 0, 0, 0, 0, 1
6137a6a4591d9977_jpg.rf.5d5e3fb57798f708d9b42922da2b9032.jpg, 0, 0, 0, 1, 0
1fd80240046ef704_jpg.rf.5972f63ece5a4759973eeee7d391bee2.jpg, 0, 1, 0, 0, 0
dc0dbdc656725dc2_jpg.rf.5870800c7872692c1950304883c0a1f1.jpg, 0, 0, 1, 0, 0
755429acdd214071_jpg.rf.5a361af3e80c8e4533c45e2d4b29d964.jpg, 0, 0, 1, 0, 0
4039b64d9f2b5291_jpg.rf.567152c08edc2a1d7f8118551d3e2b74.jpg, 0, 0, 1, 0, 0
b31f29967475ce05_jpg.rf.5f5fc8e936a284e202f5ccbaf484bffe.jpg, 0, 0, 0, 1, 0
fd30ab5d0338b876_jpg.rf.5d116d87389b8bec0030033c36f92a18.jpg, 1, 0, 0, 0, 0
1dbc8d811c800ef7_jpg.rf.5X5S6sH5woR5ul2ERKfy.jpg, 1, 0, 0, 0, 0
020fcce8dd0c0653_jpg.rf.5d56c4b986d3e468e6513d79a34dc211.jpg, 0, 1, 0, 0, 0
d6aff68bbb64a2d7_jpg.rf.5ce94fef91c18510e817a0081bfd8f19.jpg, 0, 1, 0, 0, 0
13ea89974fc5e30b_jpg.rf.5f030335718610642432bb4f65e23b74.jpg, 0, 0, 0, 0, 1
53b558dba2201be2_jpg.rf.5MioCgNbDv3EtMDMsOJb.jpg, 0, 0, 1, 0, 0
73eecdcf3e8b2d0a_jpg.rf.59855509e4ca058cc6355ef60e3cb761.jpg, 1, 0, 0, 0, 0
ccda9fe055e7fb14_jpg.rf.5b2176e6c3903733bbfb53655f0966b0.jpg, 1, 0, 0, 0, 0
3c60f9c54565c925_jpg.rf.609d7df21ccbeaf8a304ce9ac970a3d0.jpg, 0, 0, 1, 0, 0
8f28dbee29152679_jpg.rf.5t0m9nzoBwio0AecyWRG.jpg, 0, 0, 1, 0, 0
82d3bb8f9d736f88_jpg.rf.61bc6b8d6999a8fb29218163003461a2.jpg, 0, 0, 0, 0, 1
0133391d627e6df4_jpg.rf.5fb6cc71948fdee8e2e7cbc9bbc5aeb1.jpg, 0, 0, 0, 0, 1
28ed22d3254867a6_jpg.rf.5ef4ac6f5b21cb29a79855d67d16600d.jpg, 0, 0, 0, 0, 1
c9c5db9f86740e01_jpg.rf.6441d8b39b5c4feb3977c42341783368.jpg, 0, 0, 1, 0, 0
469b1bb2ece31056_jpg.rf.5gdHdsuj5Lq4ePSjTrAI.jpg, 0, 0, 1, 0, 0
4a6fdb56291f3a52_jpg.rf.682753e00a2e98587664eb6c8d09d906.jpg, 0, 0, 1, 0, 0
3b6986bd37ece365_jpg.rf.627d9ad503d86f14c7010d7e8d6a5ce0.jpg, 0, 0, 1, 0, 0
547919acfed4d238_jpg.rf.60vmXL5gkwMtj9mBeaWv.jpg, 1, 0, 0, 0, 0
9854a4a7f8550050_jpg.rf.667ad934f2d0780259bc5cf408c663c9.jpg, 0, 1, 0, 0, 0
fc89e4a4c0ba33f1_jpg.rf.644624f7bbd3273ec41272cfa78b70a7.jpg, 0, 0, 0, 0, 1
e4c25e53e7f2ee81_jpg.rf.69371e76a5617d0165204694cb8e7985.jpg, 0, 0, 1, 0, 0
1ce4f78534c54bc2_jpg.rf.6576199f347ddbf94b17e3618e3036d5.jpg, 0, 1, 0, 0, 0
1b43e569dfb2d630_jpg.rf.686424f841c358ea25f846960f257272.jpg, 0, 0, 1, 0, 0
e6d5f562f82c5344_jpg.rf.5b4e3f43a8fea6d915c35b06130ae7a6.jpg, 0, 0, 1, 0, 0
39fac0e910b58065_jpg.rf.666bfb3fbc0aba4229f957d61f39a5fc.jpg, 0, 0, 1, 0, 0
c3a9caff83640956_jpg.rf.64e9fd87428afefb184db66feb230461.jpg, 0, 0, 1, 0, 0
f0e4f481d71014ab_jpg.rf.641bd2dac5cc2164373ebaf7fe97b751.jpg, 0, 0, 0, 0, 1
9c8fc20bce80d5d0_jpg.rf.69803d7b6794d32c8b3407c62db952bd.jpg, 0, 1, 0, 0, 0
a17495d2be501298_jpg.rf.6a81aee31c008a24133721af79a8713d.jpg, 0, 0, 1, 0, 0
005980b3a5f93085_jpg.rf.68f1ed44dbca53b707a1d3d82d4b7d9a.jpg, 0, 0, 1, 0, 0
8996881c2bf7245a_jpg.rf.68b4b240368132b39b38641fd1815cd5.jpg, 0, 0, 1, 0, 0
63c912059a45468b_jpg.rf.6c7b15da595c8692286eacfe8e0eea2b.jpg, 0, 0, 0, 0, 1
089cc41a901b2653_jpg.rf.6743a24c01af44063b9c1968d6402f52.jpg, 1, 0, 0, 0, 0
2d94e4aa09c1c7de_jpg.rf.6a167278bce72167ecfaa3ff7a848ec9.jpg, 0, 0, 0, 1, 0
20514cfccbb4a2ab_jpg.rf.6b5909905e17e5fae50d43d7d53e9d9f.jpg, 0, 1, 0, 0, 0
a951528227f53582_jpg.rf.6369c8ab35e842d116314fd61b5d1503.jpg, 1, 0, 0, 0, 0
4589c2d83ce48bae_jpg.rf.6ce68a6e77d463d5492fd8682f82ee0a.jpg, 0, 0, 0, 0, 1
b9e1dcfd07291353_jpg.rf.6901689869f1beca039961a2eb7aef53.jpg, 0, 0, 0, 1, 0
bd83b1913c6b7453_jpg.rf.6Qkj9RRvwFl1Sfssd8oN.jpg, 0, 1, 0, 0, 0
c9c5db9f86740e01_jpg.rf.6J6hpqmQ8sh0LGLQQgCF.jpg, 0, 0, 1, 0, 0
d900408a3652fdce_jpg.rf.6RJZ5TWr3OBb00Zhy6Oj.jpg, 0, 1, 0, 0, 0
a238a0fee56f0d0c_jpg.rf.6cb17e15fc28f87e49d11244fffdd2cf.jpg, 1, 0, 0, 0, 0
b5e9086cb2179adc_jpg.rf.6ae29336c52413be90291155bbc9b730.jpg, 0, 0, 0, 0, 1
5be78746b65e3113_jpg.rf.6d817c43a127fcbf8f611210df687b8b.jpg, 1, 0, 0, 0, 0
2d499dab8c71a566_jpg.rf.70cfae41cb9799895a7f14be2faeb437.jpg, 0, 0, 1, 0, 0
9d328718dcef1817_jpg.rf.6cee0dd19b22a448e273083e8387c30c.jpg, 0, 0, 1, 0, 0
09acb63accd06236_jpg.rf.6aDJNzlOrZfQZWhxZBV5.jpg, 0, 0, 0, 0, 1
402d1470aa6c1962_jpg.rf.6ccc3b3a1c9534e7659e16678a4cb5ca.jpg, 0, 0, 0, 0, 1
aeb050c3f8cd4cd0_jpg.rf.729afccbdfbcef0b8ef050e00ee65ae9.jpg, 1, 0, 0, 0, 0
b2b2e93f1a010cc6_jpg.rf.6gFaPes57dmCfq4HDzfW.jpg, 0, 0, 1, 0, 0
b2137199558f5219_jpg.rf.72cfd126c86c4a55a3e713510befc55b.jpg, 0, 0, 1, 0, 0
0158307c4ad94b38_jpg.rf.6VgRLvEWkhSwfdBdY9Fi.jpg, 1, 0, 0, 0, 0
f868db46dea5554e_jpg.rf.6e1536a7c7dd76d409334d9c9ef94a61.jpg, 0, 0, 0, 1, 0
4e1842c6c439df43_jpg.rf.73254c6ab3ff3fb84647a62dcbfa21d3.jpg, 1, 0, 0, 0, 0
0df5a680a412fa0b_jpg.rf.6f4eb25b75de66998570ad6e54aef165.jpg, 0, 0, 0, 0, 1
0ff18bf912a38470_jpg.rf.6d0b73328b83ee17005180d6db9b27fe.jpg, 0, 0, 0, 1, 0
e3b441115c18fca3_jpg.rf.707be734398dd7cc2a8e40bd6adce592.jpg, 0, 0, 0, 0, 1
9d328718dcef1817_jpg.rf.6j1jgDWxskfP1RCfzf04.jpg, 0, 0, 1, 0, 0
7693ecc1e8107ba8_jpg.rf.717d3f9c52d69eb16f820555a21615ac.jpg, 1, 0, 0, 0, 0
02178f3aa9e8b0d1_jpg.rf.704fc24e41f5f2a604fab8a066f84f8c.jpg, 0, 0, 0, 1, 0
bacb74ab77c5eccf_jpg.rf.7804115a62198801e7aa9a2196b20185.jpg, 0, 0, 1, 0, 0
ef56d52ee436d7ab_jpg.rf.6tphaMGgH8l5apzsbECE.jpg, 0, 0, 1, 0, 0
a70bc382ce075409_jpg.rf.713fc6d5d684a8e6edab4afbdada4cd7.jpg, 0, 0, 0, 0, 1
f2463ddabfffc04f_jpg.rf.7838deecd75897ebebdf0b230164e4c9.jpg, 0, 0, 1, 0, 0
1e668423ae32ce6f_jpg.rf.70kBZq8qBqHjRPMoyl5I.jpg, 0, 0, 1, 0, 0
552a0d9a0fc92dac_jpg.rf.7RMawQ98hW3e6a2fGk0h.jpg, 0, 0, 1, 0, 0
26775ec6cdcdbc9d_jpg.rf.790f2b5b847fa269c75fb3859dc0a78a.jpg, 0, 0, 0, 0, 1
5b0f57b9bad38bc2_jpg.rf.7a9fc6b8d1b6dab10d7244fb653a0fde.jpg, 1, 0, 0, 0, 0
0dc6d85a2ba0a534_jpg.rf.798b518c51dafb4c4b87ebc4753089ce.jpg, 0, 0, 0, 1, 0
067e7d6c015a431d_jpg.rf.76bce3c01ba4c9d60c0e94b3c01bdca4.jpg, 0, 0, 0, 1, 0
9ead2683d36b6457_jpg.rf.79bc938cf74a07d763fcb12ff938f5d3.jpg, 0, 0, 0, 0, 1
a9cbd4910c5d9086_jpg.rf.745e39167533eb455ed1c48318582467.jpg, 0, 1, 0, 0, 0
90ddce2c65dec1cf_jpg.rf.79F0zfZvlUWkTg7hLYRC.jpg, 0, 0, 1, 0, 0
dc8954c5b6cf6c1d_jpg.rf.793b41a92766cc3348e1536947089528.jpg, 0, 0, 1, 0, 0
beb71a1a1d74af2e_jpg.rf.7bbe99983329917dc4115892a69f1a25.jpg, 0, 0, 1, 0, 0
9eb47e708593623d_jpg.rf.7ba16a896b2c30c17fe8b08bea8b80b5.jpg, 1, 0, 0, 0, 0
0f7f3b82ff9db6e8_jpg.rf.77bd34603ccff62cac2773efbf128032.jpg, 0, 0, 1, 0, 0
2f84bd4d0f335907_jpg.rf.7a066d9483567964eb839d86772f3629.jpg, 0, 0, 1, 0, 0
5be6fbdc2835aa92_jpg.rf.75whkppgLuEDeJu2hGHn.jpg, 0, 0, 0, 1, 0
b26314890a9cc3a8_jpg.rf.7LpKTrN8uPmqfKSNxSvw.jpg, 0, 0, 1, 0, 0
93684b17bf1c1b0f_jpg.rf.7OQDW6kzLN6LeoDu3fVX.jpg, 0, 1, 0, 0, 0
33982df55de352d9_jpg.rf.7a51f29e9c77ce970ad26c00052c07cf.jpg, 0, 0, 1, 0, 0
6361620bf0d610ac_jpg.rf.7b8028befa441533f8a69efc71bfc664.jpg, 0, 0, 0, 0, 1
aa159f88e636f64c_jpg.rf.7ba73f38aa457ad965f2a3dbfc73de66.jpg, 0, 0, 0, 1, 0
54b9aac8bf5e1a20_jpg.rf.7aff2be97cf17c3a1ed3f71c5b8a0e41.jpg, 0, 0, 0, 1, 0
52c0ecb1f2fdebd4_jpg.rf.7OiY4mdvDZnpWItd35mb.jpg, 0, 0, 1, 0, 0
0158307c4ad94b38_jpg.rf.7c3ac0278eaf3a1773359994c4679aca.jpg, 1, 0, 0, 0, 0
32d513726785e781_jpg.rf.7e615f89e7fbd8cd1f0c4e31e9b2f2bb.jpg, 1, 0, 0, 0, 0
08ebb1106c5f4799_jpg.rf.7ce43293a263c07c84a9c894f5caba87.jpg, 1, 0, 0, 0, 0
1f0ce568a7da5d78_jpg.rf.7e00114aae9d57b5a6ab4201eec63267.jpg, 0, 0, 1, 0, 0
5092b95a87fc6615_jpg.rf.7caec4d258bd0d3bc3fec16453bce185.jpg, 0, 0, 1, 0, 0
f8c637fc8220a918_jpg.rf.7InkNTlGkJXqHqcTw9ev.jpg, 0, 1, 0, 0, 0
d1d94b2d00fe61ca_jpg.rf.7e63ebaab66ab9ce576fc7ed727a3ce8.jpg, 0, 0, 0, 0, 1
d31c720e294fee1a_jpg.rf.7dae13b793e31e8c1ab96b8b1915f32f.jpg, 0, 0, 0, 0, 1
33758dc39a63f28f_jpg.rf.7f4de6f98d9c400643e51c9029bde392.jpg, 0, 0, 1, 0, 0
e9817cc6def5f246_jpg.rf.7d6fdaa511ca71002b25d981650ac031.jpg, 0, 0, 1, 0, 0
2430d5e7d680b683_jpg.rf.82c5a0ed4e72587030cac00ebdb687e0.jpg, 0, 0, 1, 0, 0
352fcffeb445679c_jpg.rf.800ffd538069cfa4fd3d96560e6d9239.jpg, 0, 0, 1, 0, 0
ce21b1595f7f0cfb_jpg.rf.823d815d6ab44d84cab5855d51cfe17f.jpg, 0, 0, 1, 0, 0
b63484b53dfcb428_jpg.rf.7jd0xQfAu9ZE71OcOTII.jpg, 0, 0, 0, 1, 0
b63484b53dfcb428_jpg.rf.8516caf7365ae79a21e72bd6bf724712.jpg, 0, 0, 0, 1, 0
f1e36e4d71ff6b57_jpg.rf.7wjN677B3UxuK48DarT4.jpg, 0, 0, 1, 0, 0
33758dc39a63f28f_jpg.rf.7zhfQPq2QqE6qgQnOWNp.jpg, 0, 0, 1, 0, 0
469b1bb2ece31056_jpg.rf.8070e895f2ebc76a8eae4d6378d10cab.jpg, 0, 0, 1, 0, 0
00aaf0a0a9ee7e71_jpg.rf.808b1e59067887493dffad63561c2a9d.jpg, 0, 0, 0, 0, 1
709b17bde853983b_jpg.rf.86c45bb93e6435236f9ccfc8890b2e9e.jpg, 0, 0, 1, 0, 0
e5659578c021aacf_jpg.rf.85367acb7202cfcb70c3fb18c92083fe.jpg, 0, 0, 0, 0, 1
d0fa518d2d1f9de2_jpg.rf.87adfff15466b9b2859bdf9b87fdd003.jpg, 1, 0, 0, 0, 0
646a24cf7ab571e1_jpg.rf.8053798b9660dcbf9bfeca8c78e8d864.jpg, 0, 0, 0, 0, 1
d19f3557d1314817_jpg.rf.84042e0c88f5c7cad23b6db14b7bca7b.jpg, 0, 0, 1, 0, 0
1fc8576317033787_jpg.rf.8929803280ce2a54ce1c6b40e0e9098b.jpg, 1, 0, 0, 0, 0
9702d272dcc9e1fe_jpg.rf.8BzNSpg6eooEcd1aZf1q.jpg, 0, 1, 0, 0, 0
90ddce2c65dec1cf_jpg.rf.8404f3d3f201b1305b44aaa0d5a507b2.jpg, 0, 0, 1, 0, 0
1d26ac4c9e98acc1_jpg.rf.8641817caed666f7a64ce92da5048955.jpg, 0, 0, 0, 1, 0
1238d5f7b2820007_jpg.rf.87d6c704a664f3c0ce592d7408ef1c8d.jpg, 0, 1, 0, 0, 0
28d3c263a66b08f5_jpg.rf.87119d53d243fe3089970774280d5d73.jpg, 0, 0, 0, 1, 0
d3ecf31b6ea93e9c_jpg.rf.83f96a136b7c9beed8b4d459c206e738.jpg, 0, 1, 0, 0, 0
10824aeb7449a206_jpg.rf.8VBXGYzGcfjFqxT1XAL6.jpg, 0, 0, 1, 0, 0
da3a592ffd3c4e23_jpg.rf.88dc9a3b619599c574f19106d2683bc7.jpg, 0, 0, 1, 0, 0
6f90ee12f14ee50a_jpg.rf.850532392ee43b612c8ac775907038b3.jpg, 0, 0, 1, 0, 0
5d06268dea00edf0_jpg.rf.8e72671126456ac238a5cfcfd5658d16.jpg, 0, 0, 1, 0, 0
7bb1cf09506080dd_jpg.rf.8c33a77b541e58095b26500da8fc9e62.jpg, 1, 0, 0, 0, 0
b8a245cb4571e8fb_jpg.rf.8QcoX7qHorIJUsXQ7LQe.jpg, 0, 0, 0, 1, 0
366078debdbff8c9_jpg.rf.8ca96ba1b5e5987ae9fe14d4a9d27db9.jpg, 0, 0, 0, 0, 1
d33bb0d6aa206686_jpg.rf.8fc6cb78a4fa5003228d5df6ae8229fd.jpg, 0, 0, 1, 0, 0
8bffd89b6cda54fe_jpg.rf.8f863879de507546de26471c06a1a179.jpg, 0, 0, 1, 0, 0
0ca61e55ccf257ba_jpg.rf.83e309021a0dba2861bb3e99824d52be.jpg, 0, 0, 0, 0, 1
3848f783b1a99a6e_jpg.rf.9593d9c8f6e377bd928576928803a31e.jpg, 1, 0, 0, 0, 0
fd063bf2b2c9def1_jpg.rf.90Tzl7HlM1QGe2tjgoLD.jpg, 0, 0, 0, 1, 0
ddd9751b7335badf_jpg.rf.8GlNeJfvdWFrZEOrfilK.jpg, 0, 0, 1, 0, 0
f784a8f5b2e0edbc_jpg.rf.8e193a80af145c8d02cd3f6d2f9c8930.jpg, 0, 0, 1, 0, 0
592e3df4fde8793d_jpg.rf.976496d831c40f9941072b214da6aff1.jpg, 0, 0, 1, 0, 0
7f521593dc5e1d37_jpg.rf.92e08b32b0c6a968875ede7473a7300d.jpg, 0, 1, 0, 0, 0
897ab2755c40c9d5_jpg.rf.8vWHR4xgPhHMp2MGuu0v.jpg, 0, 0, 0, 1, 0
b792b9170353420e_jpg.rf.8a891db98007e382c6760535f51fe697.jpg, 0, 0, 1, 0, 0
648ec06369820594_jpg.rf.97dcde64abb5c4570be55abface692c4.jpg, 0, 0, 1, 0, 0
d79e499c711c6b69_jpg.rf.9404bb29ffe0b2c81b347e483cc77e57.jpg, 0, 0, 1, 0, 0
2fbf5f7443d53898_jpg.rf.92b7294b5ef8335f3136b64266b2d5fb.jpg, 0, 0, 1, 0, 0
559a81baaab7e2df_jpg.rf.8c7b6510f942935082fbf3f2fe52aa15.jpg, 0, 0, 0, 1, 0
2fbf5f7443d53898_jpg.rf.8eCA69MoFeaVMDNoUuhA.jpg, 0, 0, 1, 0, 0
5cba43398b2ecbb0_jpg.rf.9309ea0228b710f7766bd83baf07ea63.jpg, 0, 0, 1, 0, 0
9c8ca199afe3eab2_jpg.rf.933ac696ea0e3cd480f83d9067888f92.jpg, 0, 0, 0, 1, 0
50254d0ed7df5e01_jpg.rf.96644ffe356cf46061ab2eccac3b946c.jpg, 0, 0, 1, 0, 0
5b0f57b9bad38bc2_jpg.rf.8ZoyARKuT9zOBVtbhPp1.jpg, 1, 0, 0, 0, 0
d7fba63298a3e34e_jpg.rf.91b692d3646195dd6a70703664dc2fbd.jpg, 1, 0, 0, 0, 0
214e9577f1bc9e1a_jpg.rf.9a99234bb710ce56feec21b827ced326.jpg, 0, 0, 0, 1, 0
1e668423ae32ce6f_jpg.rf.8fc1bcf11c1a5bb1747a7ec8b3a16746.jpg, 0, 0, 1, 0, 0
0777838554ecb1eb_jpg.rf.9e11b73a1dae5675124c22e13f73f1f5.jpg, 0, 0, 1, 0, 0
5be17124d52e2422_jpg.rf.9fe324d5f879d07e09c0844966e088bb.jpg, 0, 0, 1, 0, 0
ba0341a067357bd0_jpg.rf.99373bfdfcebfdae75f9a8a8ae9838df.jpg, 0, 0, 0, 1, 0
f34351bcba59ff09_jpg.rf.9c3e225b184b3f2c36357ae8321b2054.jpg, 0, 1, 0, 0, 0
fd063bf2b2c9def1_jpg.rf.985934634819454d657ab33d75edc5eb.jpg, 0, 0, 0, 1, 0
fedcf2c1a78c1446_jpg.rf.97d463394d7e15988400d1ac9d9ceacb.jpg, 0, 0, 1, 0, 0
8e7132bac206401a_jpg.rf.97fc5f32bd21702736b576640a6743ae.jpg, 0, 1, 0, 0, 0
1d58456f6d5e9498_jpg.rf.99e8a490fd6b36de59d1548e7e660c59.jpg, 0, 1, 0, 0, 0
43dcff50b018f61c_jpg.rf.9eea21aacb74bbce06afad5ecdee43b4.jpg, 0, 0, 1, 0, 0
c9ddb43cf0449556_jpg.rf.9e8dc04872a4da15c6f7c88e87a5c5b0.jpg, 0, 0, 1, 0, 0
d8457fa9476ca19f_jpg.rf.9nKas2awdQPFsMdlrXzD.jpg, 0, 0, 0, 1, 0
a7d33981079f545f_jpg.rf.9bd2e179a81576c858ed8eddfb1958ae.jpg, 0, 1, 0, 0, 0
0f7f3b82ff9db6e8_jpg.rf.A3TlZJRSD6fLCAAK4JZp.jpg, 0, 0, 1, 0, 0
c7bcb6bf2ea5b289_jpg.rf.98hXzONJ9D2HisCGr4qc.jpg, 0, 0, 1, 0, 0
f0f681ded8dcb793_jpg.rf.8725204fa6ad585345157cd7c44d9772.jpg, 0, 0, 0, 0, 1
0d829bbd335fe81c_jpg.rf.A2e7sSyZFbUPARnqx7Hp.jpg, 0, 1, 0, 0, 0
5361b369f7a7d183_jpg.rf.9bLjnrsDo1AYzW78zSxs.jpg, 0, 0, 1, 0, 0
19ed71affe514276_jpg.rf.9ced048a08b368f1b31440320c254e1d.jpg, 0, 0, 0, 0, 1
352fcffeb445679c_jpg.rf.9raHlzrB9rYZVqXSLW43.jpg, 0, 0, 1, 0, 0
8bffd89b6cda54fe_jpg.rf.A7UhyLdNVl3wIzikaoyp.jpg, 0, 0, 1, 0, 0
4b223d28e75b30c4_jpg.rf.AjGvszVA6EeWGC7IacNu.jpg, 0, 1, 0, 0, 0
58e253c5a17f2ca8_jpg.rf.9e67f9d54251a081f674a281745f8f5b.jpg, 0, 0, 1, 0, 0
35d9087aa3e253ac_jpg.rf.9f3022272f1779d6f05ae7bca18492ce.jpg, 0, 0, 1, 0, 0
ea87ffff22c14e7a_jpg.rf.AZmqhGgS1iUmFlCbaO8e.jpg, 0, 0, 0, 0, 1
91e11943f15e4b3c_jpg.rf.9luwWbGyIEfG0TqiyFj7.jpg, 0, 0, 1, 0, 0
1c64bff45216007f_jpg.rf.00472dc1dcd49262a84274a23e3a1999.jpg, 0, 0, 0, 0, 1
bdc6ddcd3b5129bb_jpg.rf.00da54335aeba68b1d59d976f1f7c3d3.jpg, 0, 1, 0, 0, 0
dc8bd5855688ad54_jpg.rf.01614de7d7ff5420962415f25eaa4028.jpg, 0, 0, 1, 0, 0
ca00cc1e9f910cfa_jpg.rf.050bd662c9b06cd0b9b90bf08ac1247b.jpg, 0, 0, 1, 0, 0
b61201eee8903342_jpg.rf.00edd486466508ba478ce7709da69352.jpg, 0, 1, 0, 0, 0
f843e953b9f2d8e1_jpg.rf.0AaONaZLHjWf2c7AwmKd.jpg, 0, 0, 1, 0, 0
0b35c604f8a87bd0_jpg.rf.0771220380bd5aa3d252ce58471bf2c7.jpg, 1, 0, 0, 0, 0
011a8a0a921c2376_jpg.rf.064272f1b667f68b4340d240244ff7e8.jpg, 0, 0, 0, 0, 1
bb77a64dbce401ed_jpg.rf.0595e0a7911e709f9e8716977eec3dd2.jpg, 0, 0, 1, 0, 0
2b9ced539656ae78_jpg.rf.09375be44a0f433daca7f5d9d5a69aa1.jpg, 0, 0, 1, 0, 0
d67db4e0e81979e4_jpg.rf.03f00e51721b736dda260928b454e0c5.jpg, 0, 0, 1, 0, 0
6704ff10a79cf50f_jpg.rf.03b95bd8ac711d2eba2e5edaf09318b4.jpg, 1, 0, 0, 0, 0
3a0139f984e673b9_jpg.rf.0d55747152a4fa9ac17bcd1ff8b6fbfd.jpg, 1, 0, 0, 0, 0
a6584f0e0dcbf71c_jpg.rf.0cf0d194f8c5d5f0fa50f9f12c7723c9.jpg, 0, 0, 1, 0, 0
49304cbc80ffb423_jpg.rf.0c5d85d92b825873151942d8283b27b1.jpg, 0, 0, 0, 0, 1
045f8f2e4c2e3077_jpg.rf.107779352cd8cac31411952fc53cf99d.jpg, 0, 0, 0, 0, 1
f71f6c1a323b6fa5_jpg.rf.0bf9cccc8dbbc40ef85915eb4a2470ca.jpg, 0, 0, 0, 1, 0
d33229162d822801_jpg.rf.0a2e6308571b40ba2a04cc7899f0b415.jpg, 0, 0, 1, 0, 0
b8a245cb4571e8fb_jpg.rf.1080d34119681432638b681d97276175.jpg, 0, 0, 0, 1, 0
26513c95488eebdd_jpg.rf.0Ngs4rbrTpLkJdIC6tzs.jpg, 0, 0, 0, 0, 1
2a565728597f77d4_jpg.rf.1231296a821f84bdb13a26525627dd12.jpg, 0, 0, 0, 0, 1
9702d272dcc9e1fe_jpg.rf.0ec10b9b18ce5cd7f58d83b992ef4ac3.jpg, 0, 1, 0, 0, 0
62095bcc48bd06cf_jpg.rf.0e2231a4609bf904e4d4f35ba3cb444c.jpg, 0, 0, 1, 0, 0
26263aba764cf3ed_jpg.rf.0EnVZpaR9duphdjXXiDb.jpg, 0, 0, 1, 0, 0
ce21b1595f7f0cfb_jpg.rf.0XnUsIWMYVB9YXgTcVwj.jpg, 0, 0, 1, 0, 0
1dbc8d811c800ef7_jpg.rf.0fe7faaa475da74452fb74b9883f7088.jpg, 1, 0, 0, 0, 0
65e29a38268145a8_jpg.rf.10c30d6ccb1692243ca4eb7d450751a3.jpg, 0, 0, 1, 0, 0
fc89e4a4c0ba33f1_jpg.rf.0rSRqfyQZKYjCfuA5Eix.jpg, 0, 0, 0, 0, 1
d5a95b86f4ce76c1_jpg.rf.0fccda34c2ac653732e273966e2ea941.jpg, 1, 0, 0, 0, 0
e541b1c93246e2d2_jpg.rf.0cIzIvtBeu1rYqvlJKAe.jpg, 0, 0, 0, 0, 1
c68b78dcd33a89c0_jpg.rf.0f7577d75d5f7aa6293b09ce6949d67d.jpg, 0, 0, 1, 0, 0
3434d3efad0adef5_jpg.rf.151496293a6a6d6715979f944f98bd52.jpg, 0, 0, 0, 1, 0
eee9fc95c2437751_jpg.rf.0BcZErMcaM1kVgb1AONC.jpg, 0, 1, 0, 0, 0
6a04d25b58fe0a27_jpg.rf.19c0986855c876ffadf4cfbc8478ff90.jpg, 0, 0, 1, 0, 0
7693ecc1e8107ba8_jpg.rf.11StsEPjRmQfUeqacthC.jpg, 1, 0, 0, 0, 0
eaa621be0a24470e_jpg.rf.1d1a672cdb7bbc87eaa14354aa0b6ef2.jpg, 0, 1, 0, 0, 0
f5eafb239bfa8a30_jpg.rf.19e66d3364097f628749b5de902a385e.jpg, 0, 0, 0, 1, 0
a3459377124924f2_jpg.rf.1cb021c038b76d2e9f95fc41a7b3611c.jpg, 0, 0, 1, 0, 0
fae37ea779ec1c65_jpg.rf.1b1c8dbdf46575e7c91a49ebdfb2092c.jpg, 0, 0, 1, 0, 0
8996881c2bf7245a_jpg.rf.0qG3fjtx6XdUVXXQWt8t.jpg, 0, 0, 1, 0, 0
3061a0dcab735c59_jpg.rf.1609b71f0a5d7ac932ac81942531b013.jpg, 0, 0, 1, 0, 0
933a65f721f20680_jpg.rf.11L26anW0fw4r6sBqAn0.jpg, 0, 0, 0, 1, 0
c6f32b8a12b9a44a_jpg.rf.15aaace0b3b4714b6d0fe3148807d9f8.jpg, 0, 0, 0, 1, 0
6b08b17e4bd591d8_jpg.rf.13bc2985423afe433b8d9088662b4e71.jpg, 0, 0, 1, 0, 0
86300d7134e22a54_jpg.rf.1435f12b92734b1855634564ee030230.jpg, 0, 0, 0, 0, 1
bfa31c9efb82129a_jpg.rf.171a6c5bd6b5337fa8d03d2a4d626144.jpg, 0, 0, 0, 1, 0
aecd7416f432a683_jpg.rf.1d48c0b9e935f8d2aca6210c04b83a31.jpg, 0, 1, 0, 0, 0
aeacc12dda099133_jpg.rf.1c582785b3303cab8be3329cac5960ce.jpg, 0, 0, 1, 0, 0
09fd3f0199f2be7e_jpg.rf.1NoHW56IuJhRAiX5KW2H.jpg, 0, 0, 0, 1, 0
b5e9086cb2179adc_jpg.rf.1TSG1n8jaS6qKVJQjijp.jpg, 0, 0, 0, 0, 1
b0c53f5874d27590_jpg.rf.1e49d26ad60eb1aa2995bd7bbedf2d34.jpg, 0, 0, 1, 0, 0
0da0ba0e59845f96_jpg.rf.1e971f58853bc9f66b60785fd0a39791.jpg, 0, 0, 1, 0, 0
da20e0a516903791_jpg.rf.1e6efecfca4edfb0b3856c79d46d0ba6.jpg, 0, 0, 1, 0, 0
eee9fc95c2437751_jpg.rf.1ddf62c320693d33173ca88eaba655db.jpg, 0, 1, 0, 0, 0
5361b369f7a7d183_jpg.rf.1eecf7f5ce9beab3319f8d0a3c108aa5.jpg, 0, 0, 1, 0, 0
7a67044a2e20e055_jpg.rf.1e01e9996dd5ef0f02414eb95e64128a.jpg, 0, 0, 1, 0, 0
df7ae805d8d405f6_jpg.rf.1f417ff6ff03aab38704f4599e7c38f1.jpg, 0, 0, 1, 0, 0
7ee812fcba54457d_jpg.rf.1f06d731fc08997c5e6740d5b80142b3.jpg, 0, 0, 0, 1, 0
f971dfb20ee52e9b_jpg.rf.24f2b59b01e256b4bb2671fe87bb12a0.jpg, 0, 1, 0, 0, 0
6f264bba4e43a80d_jpg.rf.25f5tB5LhWbaWKY4S4eO.jpg, 0, 0, 0, 1, 0
2e29dd7285110315_jpg.rf.22aaf637e168b3dc960eb35532e3ac1a.jpg, 0, 0, 0, 0, 1
a836b230394abec3_jpg.rf.2421de8703b2476884ce7aaa448f3d4b.jpg, 0, 0, 0, 1, 0
c7ba731691765c73_jpg.rf.21acc173f0253315c8fda066a0995021.jpg, 0, 1, 0, 0, 0
5400848ead05f765_jpg.rf.286004eb39ed8d7eca4a05f223a53b82.jpg, 0, 0, 1, 0, 0
33982df55de352d9_jpg.rf.1pPpUTs1hrzFsrWygDzG.jpg, 0, 0, 1, 0, 0
447c9ff274fab842_jpg.rf.249bad218cfdded94198f92b755b33aa.jpg, 0, 1, 0, 0, 0
bd83b1913c6b7453_jpg.rf.20e30c867510ece2c17dafa28e8f9af1.jpg, 0, 1, 0, 0, 0
8f28dbee29152679_jpg.rf.28e5c9dbeac30592db181bd250ff5e37.jpg, 0, 0, 1, 0, 0
179795f3d2775d7c_jpg.rf.24e0b9a601bd283bf74631f1b4378b2d.jpg, 0, 1, 0, 0, 0
f0aa9d4ad9fc9e87_jpg.rf.25087bd3072cf2c862c9279dfaab8d67.jpg, 0, 0, 0, 1, 0
63c912059a45468b_jpg.rf.213hdlwamCMKZuC4QTcA.jpg, 0, 0, 0, 0, 1
2d31e0cd26889eaa_jpg.rf.26d7b1b63729dfebbc5db596fe59178f.jpg, 0, 0, 1, 0, 0
210112c7c8085350_jpg.rf.2A3UPBzlVqeeaf1Ui3j4.jpg, 0, 0, 0, 0, 1
c7628592a03f9ff4_jpg.rf.2a18d7e2544e1d7e099a44368a6fff31.jpg, 0, 0, 0, 1, 0
dc904e3df7290455_jpg.rf.26009aa427781cc11d166df8aab44e43.jpg, 0, 0, 1, 0, 0
20514cfccbb4a2ab_jpg.rf.1rV4IrjXJWiwYzuYnfQc.jpg, 0, 1, 0, 0, 0
f71f6c1a323b6fa5_jpg.rf.2Vsn4Ov1CQDuccBqnRc3.jpg, 0, 0, 0, 1, 0
b8e3cfcdf196bc11_jpg.rf.28ae52d43ea272faaf1bd617dec2184d.jpg, 0, 0, 0, 0, 1
a15cccae5ae7bcb5_jpg.rf.242cdf5ded87d9a0889c4b36e2e188c5.jpg, 0, 0, 0, 0, 1
d33bb0d6aa206686_jpg.rf.1pHnHb7Ru1DJZgiUd64j.jpg, 0, 0, 1, 0, 0
7c7fb68e46068c1a_jpg.rf.265e0f90e29490d500561d574a242283.jpg, 0, 1, 0, 0, 0
6b0ff20bea33a627_jpg.rf.28cc892ffd33c713b1623c269575beb9.jpg, 0, 0, 0, 1, 0
d56b0614c384299d_jpg.rf.28bf2c29c82b84a5ea0acfa3cbd505c6.jpg, 0, 0, 1, 0, 0
944965d358ae7d52_jpg.rf.29cee0a956d0e4297ecabf1cd537baff.jpg, 0, 0, 0, 0, 1
3848f783b1a99a6e_jpg.rf.2ODZLncHRpq6yPrwewzq.jpg, 1, 0, 0, 0, 0
edf2794344b68506_jpg.rf.2CaiR7jcPsW6yV1ekEcT.jpg, 0, 0, 0, 0, 1
8a82a293c3687273_jpg.rf.2b1e56d5b7fed3a45a890f372b8a4e20.jpg, 0, 0, 0, 1, 0
d7b4f384da274b4a_jpg.rf.2b565a44ebf3e99d0cfa3994402719ff.jpg, 0, 0, 1, 0, 0
ff5b0ccc9d80b4ca_jpg.rf.2o3y0lxHb6wT4izSgIbb.jpg, 0, 0, 1, 0, 0
cdae08c988feed9d_jpg.rf.2e8cf309113ed2fe67185ce2d98a4354.jpg, 0, 0, 1, 0, 0
c77be5bb5fb7e75c_jpg.rf.32ef200bcd58b3dc374a78a8d85bc3cf.jpg, 0, 1, 0, 0, 0
210112c7c8085350_jpg.rf.2b27d2da50f374c5a0e5438f85106d1e.jpg, 0, 0, 0, 0, 1
005980b3a5f93085_jpg.rf.2QZCXGReqcBORWQJKQfO.jpg, 0, 0, 1, 0, 0
bf9e0fd614ba028d_jpg.rf.2ed4a50d0c8b907241254ee7a14e72c5.jpg, 0, 0, 1, 0, 0
4e1842c6c439df43_jpg.rf.2qUt4zoudWTO78P4Miuy.jpg, 1, 0, 0, 0, 0
87b33e9edd7ccafe_jpg.rf.2e085addf284beae7fa24757a37b9d06.jpg, 1, 0, 0, 0, 0
b12f449994380c37_jpg.rf.2e6760490b38c1d8af528a083e144d76.jpg, 0, 1, 0, 0, 0
53b558dba2201be2_jpg.rf.33749a36ae6eabc4d8b15ec4da8a5be8.jpg, 0, 0, 1, 0, 0
32af44c2a2cfb296_jpg.rf.3813b66f92c72dd943b24814e9894231.jpg, 0, 0, 1, 0, 0
93684b17bf1c1b0f_jpg.rf.33a8ac0caa8223dd2b6fcec9b4ae57f7.jpg, 0, 1, 0, 0, 0
58d3e22c4c0d038d_jpg.rf.3BKrT9RXGGkEwsGyPT4m.jpg, 0, 0, 1, 0, 0
04c1d6c2570a7c42_jpg.rf.332b41cd0fd290fd0506dac060c1b7d6.jpg, 0, 0, 0, 0, 1
dc8954c5b6cf6c1d_jpg.rf.3M3BIeHC05wJ6yLtbY27.jpg, 0, 0, 1, 0, 0
9c8fc20bce80d5d0_jpg.rf.2yhMjwfpktEVgfdD8Me6.jpg, 0, 1, 0, 0, 0
f5eafb239bfa8a30_jpg.rf.2qA4IDvH3gXmyAA4s6WN.jpg, 0, 0, 0, 1, 0
5c965b7eec9de038_jpg.rf.381fe46aaec59c1ceafd100285218c42.jpg, 0, 1, 0, 0, 0
e5c0f9ec07e64e58_jpg.rf.38d96f6c621596f2e8ad273a03ec80bb.jpg, 0, 0, 1, 0, 0
5be6fbdc2835aa92_jpg.rf.3c40a2205b11743f7a78f1f4570a9c52.jpg, 0, 0, 0, 1, 0
07dfa70d0dfdf4e8_jpg.rf.3c08eaa4c5daa64b0072666a5e1cb090.jpg, 1, 0, 0, 0, 0
846d94cce4386166_jpg.rf.3b93d09a5bc1ac3ff80a9454ce32633b.jpg, 0, 0, 1, 0, 0
27fed64f6e8e0fb1_jpg.rf.365f036b3c5c98218829c2b839a9bbe9.jpg, 0, 0, 1, 0, 0
cd04413a18fb1790_jpg.rf.3c55fffdf04f655dcf12e9aea60b3ec9.jpg, 0, 0, 1, 0, 0
c9ddb43cf0449556_jpg.rf.3WWxffNF5o0ntslFyc9g.jpg, 0, 0, 1, 0, 0
2bc6989e7421dc9d_jpg.rf.3bb48090000df048edfc8f37254c0efe.jpg, 0, 0, 1, 0, 0
1f73c7a77643e224_jpg.rf.3b9866bb17c5521d958b16f9e2002118.jpg, 0, 0, 0, 1, 0
da20e0a516903791_jpg.rf.3T2ng3umaGIRBlz7GhhB.jpg, 0, 0, 1, 0, 0
013476982d77e380_jpg.rf.3abcf2c4c484148e9e88d3c8c99bc236.jpg, 0, 0, 1, 0, 0
ee31b3fa576d6ee9_jpg.rf.3bad93d246d9f908e5dce1d440bc9b2a.jpg, 1, 0, 0, 0, 0
747cd7852c715967_jpg.rf.3e5e39e7bc67604f07e3616e8fbd7c3e.jpg, 0, 0, 0, 0, 1
d24ca593fdb348fc_jpg.rf.3d2d0b417e859b078d0a34b23267e7b7.jpg, 1, 0, 0, 0, 0
a15cccae5ae7bcb5_jpg.rf.3aBgLspVnV7n8BCEu1zZ.jpg, 0, 0, 0, 0, 1
076317ab4c925aa9_jpg.rf.2eab8692c9e3035eb3c2dfcd2a07e74c.jpg, 0, 1, 0, 0, 0
3fd6655efb7421d7_jpg.rf.3c786117517d3a24b1df7b733c5520ed.jpg, 0, 0, 1, 0, 0
bdb39aad895c90c6_jpg.rf.3d6dbe49dd09f4d6b6c375ac1e9a909f.jpg, 0, 0, 1, 0, 0
a238a0fee56f0d0c_jpg.rf.yt66zJ1kmNs2RRth4nyn.jpg, 1, 0, 0, 0, 0
a95dff91d3ce071a_jpg.rf.yx37y19ahUNCITdd21Ww.jpg, 0, 0, 0, 1, 0
a86e99068ec8dade_jpg.rf.zBz4TFkOzkpchoAdAlP3.jpg, 0, 0, 1, 0, 0
2b9ced539656ae78_jpg.rf.z1gYArZRpSVHNALKfiUl.jpg, 0, 0, 1, 0, 0
7c4956f09516e64c_jpg.rf.c9d36b244792ca020dbfc570ecfef2fc.jpg, 0, 0, 1, 0, 0
52ecf401e54ac404_jpg.rf.c7ab17609617dfb0ff85fa6712e5f2fd.jpg, 1, 0, 0, 0, 0
6fcb072467002402_jpg.rf.cee5351b61d58e01bab7f4f3ede4dbd2.jpg, 0, 0, 1, 0, 0
6815d9cdea3f61d8_jpg.rf.ce85ecbbfaea49a7a86ad9f23c500a2c.jpg, 0, 0, 1, 0, 0
954544f166417294_jpg.rf.c8c292b7c7e3a85f2e555859c3c3f0d3.jpg, 0, 0, 1, 0, 0
aef70378eeebbb14_jpg.rf.d00a6aeebec5d07977dc2d62ec3e6834.jpg, 0, 0, 0, 1, 0
6f2cc554e1c2a402_jpg.rf.c82054d18cde5f4de867fb8c0b9cc178.jpg, 0, 0, 1, 0, 0
4b48a5de005d5162_jpg.rf.cb40d1bc2f076d70b558f6f60373b2d0.jpg, 0, 1, 0, 0, 0
6deb06ad4f5642aa_jpg.rf.c6a55a83ce296d66634c5c9237ff7a63.jpg, 0, 1, 0, 0, 0
33f44ac135f3aef7_jpg.rf.ce8b19116fee64ae79c2544100d59777.jpg, 0, 0, 1, 0, 0
1d9e2bdfc0ef4f35_jpg.rf.d187af648a43d1ccdd62259decd41ad7.jpg, 0, 0, 1, 0, 0
d900408a3652fdce_jpg.rf.d4f5f658763d89b7658ee58fa2620125.jpg, 0, 1, 0, 0, 0
962a308b6a4b2fbc_jpg.rf.d4e491faa233680153706ebadcad3b73.jpg, 0, 0, 1, 0, 0
e7e8dc4cf52ecc62_jpg.rf.cb6599104a4e9db3fce1358e14ad9efc.jpg, 1, 0, 0, 0, 0
3612859ad8f4b8ac_jpg.rf.d44d8ebf76fe94b892efbe1c6cca8817.jpg, 0, 0, 0, 1, 0
20c199ea745dd0de_jpg.rf.d53165d0bd1f118877b90c1eb2a11e79.jpg, 1, 0, 0, 0, 0
f8c637fc8220a918_jpg.rf.d397424e646d92d8552022a8c65b149c.jpg, 0, 1, 0, 0, 0
f843e953b9f2d8e1_jpg.rf.d29766f9f5e085e1b71c5b6e1d190d97.jpg, 0, 0, 1, 0, 0
4efd242e1c4b204c_jpg.rf.c80bacb52c25ce734031d8e8c4a1feb2.jpg, 0, 0, 0, 0, 1
0f26dd755f4b5ab6_jpg.rf.cebbe00b82a67f82a870052baa321ea3.jpg, 0, 0, 0, 1, 0
ff5b0ccc9d80b4ca_jpg.rf.cac4097d732333daa8bd2da006418d09.jpg, 0, 0, 1, 0, 0
6f6469b661188809_jpg.rf.c5f9e3f7559d6aea7840adf1fe55e060.jpg, 1, 0, 0, 0, 0
b76ccf04540bc757_jpg.rf.ce8a87d9c6fcc99322a87a3854156443.jpg, 0, 0, 0, 1, 0
cde55879f441882f_jpg.rf.d1b155fe9675f3f01715b7bb1173679d.jpg, 0, 0, 0, 0, 1
230823605bf60c37_jpg.rf.d4caabb0edfc6a41a72b1c590b868f47.jpg, 1, 0, 0, 0, 0
8ba28eeec6f1a78c_jpg.rf.d582ea01fbbe0c45297e56d97b474f56.jpg, 0, 0, 1, 0, 0
e9318ed3c92c142b_jpg.rf.cae558b683dec62dba091fa432048c0f.jpg, 0, 0, 1, 0, 0
8ab42b1f71d61b19_jpg.rf.d5bcb8d886aec47b4a200d229752a9f3.jpg, 0, 0, 1, 0, 0
307f01bd9b5a07ad_jpg.rf.d909397e88dacc60fc47feefcf57116c.jpg, 0, 0, 0, 1, 0
402d1470aa6c1962_jpg.rf.d4wXChGgjkkQgDFKNtR0.jpg, 0, 0, 0, 0, 1
58d3e22c4c0d038d_jpg.rf.df57da2c830c8313b1aa2d55174fe4fc.jpg, 0, 0, 1, 0, 0
1987e409c66239ab_jpg.rf.d7678b63733b53ef519f5b2b4929b9b3.jpg, 0, 0, 1, 0, 0
9a6f354940e93dd4_jpg.rf.df160bf599c0acfca9126c17d7c357fa.jpg, 0, 0, 1, 0, 0
2d499dab8c71a566_jpg.rf.dAfOH6Rjadb45ADmUOmq.jpg, 0, 0, 1, 0, 0
933a65f721f20680_jpg.rf.d99add22c8383f87346e3facd57c4eac.jpg, 0, 0, 0, 1, 0
6f264bba4e43a80d_jpg.rf.dbb7443ef1244f2718b0dd7b17353544.jpg, 0, 0, 0, 1, 0
3ba18e96c29ab06e_jpg.rf.e1947c3e4d0725264a579aab1934c7c1.jpg, 0, 0, 0, 1, 0
b1e5a16e9c943534_jpg.rf.da641401b7118f9386549e85902205ed.jpg, 0, 0, 1, 0, 0
2364e615592f1fe0_jpg.rf.ddcd0c745851200e6a76bd05ace6ccc0.jpg, 0, 1, 0, 0, 0
6530d0782d211876_jpg.rf.d5b67656cc3aedc1822d8fbaeee6135b.jpg, 0, 0, 1, 0, 0
8d0f8a2eb446328a_jpg.rf.e0PkFagKj9OWxI8HGdNy.jpg, 0, 1, 0, 0, 0
b813acfbebfda35b_jpg.rf.df6c94d48da7e5305ed41159db100da2.jpg, 0, 0, 1, 0, 0
8ee800b43a4797d5_jpg.rf.e2a2f10042859edddd186b45562208f8.jpg, 0, 0, 0, 1, 0
ebac2405f7f51c19_jpg.rf.dLNMCiDSNo1ynorn4EM3.jpg, 0, 0, 0, 1, 0
bdb39aad895c90c6_jpg.rf.drnPVcACgxX488vaVfgO.jpg, 0, 0, 1, 0, 0
0a56ee41a72480bc_jpg.rf.dbd67f25dc488d617d0b01d65de1584b.jpg, 0, 0, 0, 0, 1
3c60f9c54565c925_jpg.rf.dt5zWHsTygdX2ErQljnl.jpg, 0, 0, 1, 0, 0
3b10eae932548195_jpg.rf.e0fdb001d7d4feec5332ab3715eac83d.jpg, 0, 1, 0, 0, 0
63ea081863347bfe_jpg.rf.e31ad4401d5e6e77315b126ff4bc1eca.jpg, 0, 0, 0, 1, 0
9854a4a7f8550050_jpg.rf.da3byj20X7sB0G51ue6r.jpg, 0, 1, 0, 0, 0
a3a9d9452578defa_jpg.rf.dIRPP7YKEfOl6ltUhnoH.jpg, 0, 1, 0, 0, 0
0f26dd755f4b5ab6_jpg.rf.e2BrVvcW749syaWYOa4Q.jpg, 0, 0, 0, 1, 0
ef56d52ee436d7ab_jpg.rf.e1e9dc274fd5a0ee01837f0f7df59fcd.jpg, 0, 0, 1, 0, 0
c7bcb6bf2ea5b289_jpg.rf.e7a1d07d6055e85a43aabf3bd66670d3.jpg, 0, 0, 1, 0, 0
ddd9751b7335badf_jpg.rf.e92ccdf97890de8dbfc7a71ca74f1036.jpg, 0, 0, 1, 0, 0
089cc41a901b2653_jpg.rf.d86qKnK017K3pSWOEpdb.jpg, 1, 0, 0, 0, 0
d82e0b91d310037c_jpg.rf.e42ca9647c1ee95e82c938da3bb6bf76.jpg, 0, 0, 0, 0, 1
040d25a99e7b675b_jpg.rf.e1b3ced8dbbc7905d4fe5ac30622a419.jpg, 1, 0, 0, 0, 0
3967e7c4900084d6_jpg.rf.dce2b2d228f329ce8f1296dea53323b1.jpg, 0, 1, 0, 0, 0
ef09acf9d1b77550_jpg.rf.e71f7d6aa0878851fcf5f8b3b659caa8.jpg, 0, 0, 1, 0, 0
39fd1bb4a899e0e3_jpg.rf.e985f2b41174b4f56648f936ff4f377e.jpg, 0, 0, 0, 1, 0
5152a73eea6c7a2e_jpg.rf.e7367a4d4e6c7cc94576c450f675c900.jpg, 0, 0, 1, 0, 0
8805768cafea8902_jpg.rf.e8e04d8ed52c2f9206b435c5126efd86.jpg, 0, 0, 1, 0, 0
bad3fff8e9589902_jpg.rf.e311f73da4502a1bf8638ba87728f104.jpg, 0, 0, 1, 0, 0
949779eae219ffbb_jpg.rf.e727de529b232be1e9e888aab2e1c8f6.jpg, 0, 0, 0, 0, 1
8448957c4e76c2c4_jpg.rf.eb83702cd97156796c9bbb4bab75b8d2.jpg, 0, 0, 1, 0, 0
302b0d606203f3d2_jpg.rf.eHMciCNCsn2OcdDVARmh.jpg, 0, 1, 0, 0, 0
bf0fd1bb683dab7c_jpg.rf.e986a5e8e7b797395b3623cdc2a769a7.jpg, 0, 0, 0, 0, 1
7bec73d280fb3fb3_jpg.rf.eaec6eac3321632d7b4ec7f389df3388.jpg, 0, 1, 0, 0, 0
9f44fe965d91b697_jpg.rf.ebcbf9f33a210130b6ad618aaa0a6c56.jpg, 0, 0, 1, 0, 0
379423cf6bfdfa68_jpg.rf.ee24f7c1899583c0a199db8dc29b71ad.jpg, 0, 1, 0, 0, 0
65e29a38268145a8_jpg.rf.eFKs51qslW73LbaZ6K6h.jpg, 0, 0, 1, 0, 0
00e13aca7d2f904a_jpg.rf.eQwpgo07vRFeI7SgvXy6.jpg, 0, 0, 0, 0, 1
6b08b17e4bd591d8_jpg.rf.eLQzrJVHWE9FKIcY4QHu.jpg, 0, 0, 1, 0, 0
ed24483d1c6d977f_jpg.rf.ef9b0255c61c5d6a6e51f45341f642e3.jpg, 0, 0, 1, 0, 0
a0b5db178759f6ca_jpg.rf.ec1614bc60ad693dcde9a777c7e18a79.jpg, 0, 0, 0, 1, 0
7654aaa60913d6a2_jpg.rf.ed53a1c13f23c046f7d265d90bef3b0e.jpg, 0, 0, 1, 0, 0
c0e2ca0a63cc7aac_jpg.rf.edc68553c7d21a13defa38cdb7e616bc.jpg, 0, 1, 0, 0, 0
3967e7c4900084d6_jpg.rf.eeFty0oFBGjU4nRx6mut.jpg, 0, 1, 0, 0, 0
73eecdcf3e8b2d0a_jpg.rf.ev74INR9KOYZVZH8Qj61.jpg, 1, 0, 0, 0, 0
3a0139f984e673b9_jpg.rf.eSytVt0OyhsbSSIXIWH2.jpg, 1, 0, 0, 0, 0
b2a36196721315df_jpg.rf.ee73a73c342a62c7c211a41838751acd.jpg, 0, 0, 1, 0, 0
755429acdd214071_jpg.rf.esxA01GaxuUwd0bukOkT.jpg, 0, 0, 1, 0, 0
8ac16d8c5aed72c7_jpg.rf.f2cbefc3854e418b5c1dbd079d78f503.jpg, 0, 0, 1, 0, 0
3e485b3cb8cb0739_jpg.rf.ehAWdKGJrXPASYuOY0Z2.jpg, 0, 0, 1, 0, 0
0c5138e15c71f741_jpg.rf.f1dddbc942fd2fa7fac0faefabf3486d.jpg, 1, 0, 0, 0, 0
676c200e4e2eb0d3_jpg.rf.f1795599f1e2b6034843ba5ea0dd9e84.jpg, 0, 0, 0, 1, 0
81ef85dffa49536c_jpg.rf.f48de1141888c3c5daeb0aa767d25f30.jpg, 0, 1, 0, 0, 0
3306489836719c96_jpg.rf.eXIy5lLd68ypNf24SqtM.jpg, 0, 0, 1, 0, 0
2d8f99d3e1b461fe_jpg.rf.ec60218a35f34e9e8b49905f97d01628.jpg, 0, 0, 1, 0, 0
3adea569e0432f6a_jpg.rf.f5ec9f3b918929fd28610ece31f70228.jpg, 0, 0, 1, 0, 0
81bd05743ca6aeca_jpg.rf.f21f86be5720ecc6f685a1a04935b6ca.jpg, 0, 0, 1, 0, 0
897ab2755c40c9d5_jpg.rf.edadcda0d044dd5fd01a83d8b4b6efb4.jpg, 0, 0, 0, 1, 0
2f84bd4d0f335907_jpg.rf.eqeJ9cp67LRFTk7DOLdZ.jpg, 0, 0, 1, 0, 0
4a6fdb56291f3a52_jpg.rf.f2FTBjBf53gOp9RvQk8Y.jpg, 0, 0, 1, 0, 0
17d99b801acab230_jpg.rf.f074b5569af3bf221a16764ec269eee6.jpg, 0, 0, 0, 1, 0
5d2ed108b18d3897_jpg.rf.f87077c3054252f9fbaae81d3e80f0c0.jpg, 0, 0, 1, 0, 0
b6bab9d58f2b26b8_jpg.rf.f468de3166e371b6f4de7613c24b56e4.jpg, 0, 1, 0, 0, 0
f346d416e5980473_jpg.rf.f6e010ba91611adf938896487bd9c360.jpg, 0, 0, 0, 0, 1
fa4373131d980682_jpg.rf.fb4066e24ca14b29bcee16051cec2834.jpg, 1, 0, 0, 0, 0
ebdb1c5cf58b8a86_jpg.rf.fabdd2d8f43118743895eef45f4c4bc9.jpg, 1, 0, 0, 0, 0
c350281af5ea9607_jpg.rf.f6Lu6ZXgVlpsww6P7Pvt.jpg, 0, 1, 0, 0, 0
2364e615592f1fe0_jpg.rf.ezfbooTgGswcb9pak2Ka.jpg, 0, 1, 0, 0, 0
10824aeb7449a206_jpg.rf.fb9c1fc359a8897a11adcf26102e6da7.jpg, 0, 0, 1, 0, 0
823dc9232c0c68f9_jpg.rf.f7822a18c24d4fa2b7d5a8189a4faad0.jpg, 0, 0, 0, 0, 1
a37730f43629ed00_jpg.rf.f82eaff7cc2706caaaaa62b2431925ed.jpg, 0, 0, 1, 0, 0
2a565728597f77d4_jpg.rf.fawkvGqw6EoJhpQFcYRV.jpg, 0, 0, 0, 0, 1
558029647efc23fb_jpg.rf.f85cb6586f171ac0ebb13aefd47755b7.jpg, 0, 0, 1, 0, 0
40b4b49db4472185_jpg.rf.f50fcacc5ec1589d64a56ae39170590f.jpg, 0, 1, 0, 0, 0
031a836081712b50_jpg.rf.f82a0c39ba3dfac17be325452c7b2b06.jpg, 0, 0, 0, 0, 1
5e6f7b535e8045e0_jpg.rf.fcc5ff50b57d0dff3db3d9d20b01f140.jpg, 0, 0, 1, 0, 0
4caf1ee77638a3fd_jpg.rf.fdec60932fd9a3d65314c851d00483fc.jpg, 0, 0, 0, 1, 0
d77b53c86cdbdadf_jpg.rf.fe6325eb21e29e7f6effcf144c95d1f5.jpg, 1, 0, 0, 0, 0
d9bb7fca2b0f4d5e_jpg.rf.f97c26712ff8a7753d4728c819c20ccf.jpg, 0, 0, 1, 0, 0
09acb63accd06236_jpg.rf.fd5e4ac7a031350fb8e7b0d75bc93017.jpg, 0, 0, 0, 0, 1
709b17bde853983b_jpg.rf.fOgt3ZpyWyPLMuLlqTYM.jpg, 0, 0, 1, 0, 0
d6cb030b80f36d93_jpg.rf.fd7b48b09d83b024283546b619d93b26.jpg, 0, 1, 0, 0, 0
5180d4b18ca6cef4_jpg.rf.fc7fc762a65edd70daf086312d16e40e.jpg, 0, 0, 0, 0, 1
e541b1c93246e2d2_jpg.rf.fdef750b9ae942502c744cac026b103b.jpg, 0, 0, 0, 0, 1
f1200c263667e455_jpg.rf.fnY9QjRYJ0Ed7j4H24ZC.jpg, 0, 0, 0, 0, 1
0ba56949c8eb973e_jpg.rf.fj8T7A1fJkOPja4rYRS5.jpg, 0, 0, 0, 1, 0
bf0fd1bb683dab7c_jpg.rf.gXEskWLFbjcDoKcjWkoY.jpg, 0, 0, 0, 0, 1
179795f3d2775d7c_jpg.rf.gjidZuYXo9VrpckgZRJd.jpg, 0, 1, 0, 0, 0
d67db4e0e81979e4_jpg.rf.h7tbuN3opFWPHeuvkR68.jpg, 0, 0, 1, 0, 0
7bec73d280fb3fb3_jpg.rf.hHh73xgZKK55PIh54CVM.jpg, 0, 1, 0, 0, 0
3fd6655efb7421d7_jpg.rf.gWem4MaHTgMxm9cZiagO.jpg, 0, 0, 1, 0, 0
ea4db6d3182a65f7_jpg.rf.gsZOBb4dARTLCrAmYHJG.jpg, 0, 0, 1, 0, 0
b829b619823db831_jpg.rf.fgzguU7SIClpjP5bgGHR.jpg, 0, 0, 1, 0, 0
0ba56949c8eb973e_jpg.rf.ff4a847a18df3833d18cc9d2497af55b.jpg, 0, 0, 0, 1, 0
d5982e8c9f63acc8_jpg.rf.hMEeo6mcB2PbKE87hBkS.jpg, 0, 0, 1, 0, 0
e6d5f562f82c5344_jpg.rf.hCWXwuyyEOnbLmqrmoiJ.jpg, 0, 0, 1, 0, 0
5180d4b18ca6cef4_jpg.rf.gMEkSAaN8z39trO6HfXy.jpg, 0, 0, 0, 0, 1
9ead2683d36b6457_jpg.rf.hn1yLB9vmFzTKHUiqWBA.jpg, 0, 0, 0, 0, 1
bb77a64dbce401ed_jpg.rf.hMuVjFDdKqzzjBuebmLm.jpg, 0, 0, 1, 0, 0
87b33e9edd7ccafe_jpg.rf.iCVFu1WzOEuQp2rYceDH.jpg, 1, 0, 0, 0, 0
39fd1bb4a899e0e3_jpg.rf.h63leVfcv2ceVpEYUhgx.jpg, 0, 0, 0, 1, 0
43dcff50b018f61c_jpg.rf.h6RWPq42FMntvtPh9igF.jpg, 0, 0, 1, 0, 0
0777838554ecb1eb_jpg.rf.iPYXq2VyMllb4wmHbOmx.jpg, 0, 0, 1, 0, 0
676c200e4e2eb0d3_jpg.rf.hhzXrQrPncANw7KFWlnN.jpg, 0, 0, 0, 1, 0
26a70b16b74ea019_jpg.rf.hsyD9T3gu9y6PaMKka9Y.jpg, 1, 0, 0, 0, 0
a836b230394abec3_jpg.rf.hTKDXDxNLeskuMEfvYCT.jpg, 0, 0, 0, 1, 0
c7628592a03f9ff4_jpg.rf.h08vY1lapgVAgrj5XKUY.jpg, 0, 0, 0, 1, 0
c645a919dfb54b94_jpg.rf.iucuyQp73tI7DGBFrSz7.jpg, 0, 0, 1, 0, 0
48763535bbf4e21f_jpg.rf.ffbsaVj1eAK7t5i2VoYq.jpg, 0, 1, 0, 0, 0
0a03d85b3dcb2a1b_jpg.rf.gAb723jHV4bglgt4HcyG.jpg, 0, 0, 1, 0, 0
5e6f7b535e8045e0_jpg.rf.iuRNm9NEziVsJnPLUxJZ.jpg, 0, 0, 1, 0, 0
558029647efc23fb_jpg.rf.iBQ0nRfb6PnIlqdXAZKy.jpg, 0, 0, 1, 0, 0
d19f3557d1314817_jpg.rf.iCzUsCGPJLP0r2UgEmNB.jpg, 0, 0, 1, 0, 0
cde55879f441882f_jpg.rf.hkTDwNj7wC8I0Vm4gsDC.jpg, 0, 0, 0, 0, 1
f2463ddabfffc04f_jpg.rf.hRurW2FQ2vnYZ6nZrdsx.jpg, 0, 0, 1, 0, 0
82d3bb8f9d736f88_jpg.rf.igoEij9lPRqX5UZr0Q0a.jpg, 0, 0, 0, 0, 1
d6cb030b80f36d93_jpg.rf.ksFkgGxBIxHpkzZvO5Uz.jpg, 0, 1, 0, 0, 0
d9bb7fca2b0f4d5e_jpg.rf.ifCTBprlZyFMqH99HR95.jpg, 0, 0, 1, 0, 0
b2a36196721315df_jpg.rf.j31VteivPpcqRzlcONlb.jpg, 0, 0, 1, 0, 0
34dfa486fec6e0bc_jpg.rf.j5xYFMhpwFuIWcmE4UP9.jpg, 0, 0, 0, 1, 0
f784a8f5b2e0edbc_jpg.rf.it5ieoNG5AOn4bgTUQSS.jpg, 0, 0, 1, 0, 0
d3ecf31b6ea93e9c_jpg.rf.juYq31VTqKA1710v9L6H.jpg, 0, 1, 0, 0, 0
5152a73eea6c7a2e_jpg.rf.k5fkDuZlp8EqIfbWDOEy.jpg, 0, 0, 1, 0, 0
2d8f99d3e1b461fe_jpg.rf.m2H7uQANnuUHuAM0oVTE.jpg, 0, 0, 1, 0, 0
fedcf2c1a78c1446_jpg.rf.jKHFjts8DglEwHYNbghh.jpg, 0, 0, 1, 0, 0
0a56ee41a72480bc_jpg.rf.k0G8JC1qya6UiWGHtQK3.jpg, 0, 0, 0, 0, 1
f46ff82400cf2c40_jpg.rf.j2E6d7FUZl7RpqwdgZFI.jpg, 1, 0, 0, 0, 0
8064f777d12332de_jpg.rf.m8QhsK7JO11kWAF9mifN.jpg, 0, 0, 1, 0, 0
ee2cd94b9d7fdba0_jpg.rf.lzKF7lMc5Ew1qKAsxJ6R.jpg, 0, 0, 1, 0, 0
39fac0e910b58065_jpg.rf.kxmJGQuFtjZOQOvx65Nw.jpg, 0, 0, 1, 0, 0
648ec06369820594_jpg.rf.kORd5yyWXwHRblOCYXVu.jpg, 0, 0, 1, 0, 0
7f521593dc5e1d37_jpg.rf.mEctpjkQcGeWF4zvheZc.jpg, 0, 1, 0, 0, 0
9eb47e708593623d_jpg.rf.mK7IKhwTFHAjapX34l6I.jpg, 1, 0, 0, 0, 0
10e8132f183fcc3e_jpg.rf.nG1G7sDMLXpxGzXxMCPn.jpg, 0, 0, 1, 0, 0
fb23426a994489c5_jpg.rf.kzoHDpiW2HQ8CjscK6c0.jpg, 0, 0, 1, 0, 0
944965d358ae7d52_jpg.rf.moZBwbNBbrpvpXpMbPam.jpg, 0, 0, 0, 0, 1
1987e409c66239ab_jpg.rf.koSyKVgWjx4eplEqXo9R.jpg, 0, 0, 1, 0, 0
04c1d6c2570a7c42_jpg.rf.lr5lXwTFgr3zrVckI5ln.jpg, 0, 0, 0, 0, 1
c27036c5b7baaa04_jpg.rf.mBp3gwqq0s0AbtERGgHN.jpg, 0, 1, 0, 0, 0
6137a6a4591d9977_jpg.rf.mfSIP4xctXgBejAAcFRV.jpg, 0, 0, 0, 1, 0
ef09acf9d1b77550_jpg.rf.iH86teUHdmU8wSUfsN1q.jpg, 0, 0, 1, 0, 0
f0f681ded8dcb793_jpg.rf.mTuGGG1ZSh5lQqBJVyGS.jpg, 0, 0, 0, 0, 1
363720f781ca3c15_jpg.rf.mhhVLflgmSB0GF73L2An.jpg, 0, 0, 0, 1, 0
81ef85dffa49536c_jpg.rf.oIhMmc7XWFB6QFsPXlNE.jpg, 0, 1, 0, 0, 0
b2137199558f5219_jpg.rf.nZfEUIK0mQVYIArv4HiY.jpg, 0, 0, 1, 0, 0
c3a9caff83640956_jpg.rf.o3rMe5wSaddLnTn5BxI4.jpg, 0, 0, 1, 0, 0
d33229162d822801_jpg.rf.n454OEWbYaVSAFPBHOnl.jpg, 0, 0, 1, 0, 0
32af44c2a2cfb296_jpg.rf.oGlMaqlSlpoB9iRfn4oV.jpg, 0, 0, 1, 0, 0
8ab42b1f71d61b19_jpg.rf.nCx88F3oEN0GaskAVi70.jpg, 0, 0, 1, 0, 0
cd04413a18fb1790_jpg.rf.pfEqv2vaP7fYWBzXlVJU.jpg, 0, 0, 1, 0, 0
823dc9232c0c68f9_jpg.rf.ogCCbVHQnIOfpVkbkAht.jpg, 0, 0, 0, 0, 1
fa4373131d980682_jpg.rf.pB00042vjOPJWhwBgUvq.jpg, 1, 0, 0, 0, 0
3ded02412ac12d4b_jpg.rf.pGfJCgNuD514KHsWDFNc.jpg, 0, 1, 0, 0, 0
db8edd501003ee7d_jpg.rf.nQDmxqSL0xIOgOjfuZz0.jpg, 0, 0, 1, 0, 0
7ee812fcba54457d_jpg.rf.p2tQF8wvjTa9t0zb1mcY.jpg, 0, 0, 0, 1, 0
062e230c4506d21d_jpg.rf.q5Myo3uQH66PI6XvzCpd.jpg, 0, 0, 1, 0, 0
0da0ba0e59845f96_jpg.rf.pspJkFPXlBknp0LaQUrr.jpg, 0, 0, 1, 0, 0
7647fd79a316276d_jpg.rf.nSkNXN4VR8dRl0BatYZv.jpg, 0, 0, 0, 0, 1
6369f9d6c2bfab75_jpg.rf.pFHXUaD0AFmCJepgyor1.jpg, 0, 0, 0, 0, 1
c52500a14f92ff65_jpg.rf.q6AKg2MZ6dqQZBH8nqAo.jpg, 0, 0, 0, 0, 1
8ee800b43a4797d5_jpg.rf.qosID3oZl92FOKr1pT0f.jpg, 0, 0, 0, 1, 0
ccda9fe055e7fb14_jpg.rf.qpuvhah7Z8cihR1hXZXD.jpg, 1, 0, 0, 0, 0
a7a0f7d1903a8072_jpg.rf.oKxbviueGBuXL98IqazT.jpg, 0, 0, 0, 0, 1
81bd05743ca6aeca_jpg.rf.qMISjBahaMUKffB97JKx.jpg, 0, 0, 1, 0, 0
00e2d9121adc0c20_jpg.rf.rPP5CqB9mOv9wnRTTKR3.jpg, 1, 0, 0, 0, 0
50254d0ed7df5e01_jpg.rf.lTrVzO1KXisxheca1EwO.jpg, 0, 0, 1, 0, 0
1fd80240046ef704_jpg.rf.sjncsXJ8QTNC7Iweo2bL.jpg, 0, 1, 0, 0, 0
503173c071165bfb_jpg.rf.rdtpjABaWlEyv6aTYOzV.jpg, 0, 0, 1, 0, 0
f868db46dea5554e_jpg.rf.sHXBodKTikoKZUHtc3V0.jpg, 0, 0, 0, 1, 0
20db335ae6d55102_jpg.rf.tMNlMMAheaGznNxJxJAy.jpg, 0, 0, 1, 0, 0
40b4b49db4472185_jpg.rf.rPaRyidH0UQpvwT75EUh.jpg, 0, 1, 0, 0, 0
5be78746b65e3113_jpg.rf.qc3I9muAlksMLfOvnhYA.jpg, 1, 0, 0, 0, 0
1ce4f78534c54bc2_jpg.rf.s2ZOzXrpO2r5xhUeUaia.jpg, 0, 1, 0, 0, 0
011a8a0a921c2376_jpg.rf.tflPpvQDTaDj9gH1xuDJ.jpg, 0, 0, 0, 0, 1
a3459377124924f2_jpg.rf.the60RwRApi42EQz1J3f.jpg, 0, 0, 1, 0, 0
8e1ded483cacc175_jpg.rf.tMmxM3AXTmAFQGE87dKX.jpg, 0, 0, 0, 0, 1
abbe2d8b6072322a_jpg.rf.v8JR2msuSyXCFgFc6o5y.jpg, 0, 0, 1, 0, 0
b9e2a70f60d7473b_jpg.rf.txriI2EXvW8liwDovVM7.jpg, 0, 0, 1, 0, 0
7654aaa60913d6a2_jpg.rf.sxmDUinaUJqdtfDZB619.jpg, 0, 0, 1, 0, 0
b1e5a16e9c943534_jpg.rf.vc0uU52Op8h8U773u119.jpg, 0, 0, 1, 0, 0
eeaaa970c01c0f77_jpg.rf.vlQz39le8IF31RdAXS1k.jpg, 1, 0, 0, 0, 0
b76ccf04540bc757_jpg.rf.uuU51WVYZmToluP46JK9.jpg, 0, 0, 0, 1, 0
5092b95a87fc6615_jpg.rf.vN79Mkge8j9CEGRONn8m.jpg, 0, 0, 1, 0, 0
8805768cafea8902_jpg.rf.svJAszowHc8gpy1Jdw22.jpg, 0, 0, 1, 0, 0
63ea081863347bfe_jpg.rf.uXQgyuoKnIs6bxf1VfOa.jpg, 0, 0, 0, 1, 0
5be17124d52e2422_jpg.rf.uqT6pZCxaYvPYZC9aKmy.jpg, 0, 0, 1, 0, 0
20c199ea745dd0de_jpg.rf.tzuHsGv2CfCWjjFgGpZ3.jpg, 1, 0, 0, 0, 0
ba0341a067357bd0_jpg.rf.v47YXO5dekHqwP8nylXY.jpg, 0, 0, 0, 1, 0
d0fa518d2d1f9de2_jpg.rf.s4BvuNg1aeFu3G7MTcEk.jpg, 1, 0, 0, 0, 0
8ac16d8c5aed72c7_jpg.rf.vzvJmtflNjMibnvS1GTj.jpg, 0, 0, 1, 0, 0
230823605bf60c37_jpg.rf.w5PtSkESUfxwB6p4RVUy.jpg, 1, 0, 0, 0, 0
3061a0dcab735c59_jpg.rf.uVvqYvgjzosQ1ERa7HIp.jpg, 0, 0, 1, 0, 0
ca00cc1e9f910cfa_jpg.rf.vdLj68Dtm0GhG1bl3H7q.jpg, 0, 0, 1, 0, 0
1f0ce568a7da5d78_jpg.rf.ve5JU4DFxXTtyub25Rw9.jpg, 0, 0, 1, 0, 0
c7ba731691765c73_jpg.rf.vRJnpcmxRKGlE6wvD7VM.jpg, 0, 1, 0, 0, 0
b8e3cfcdf196bc11_jpg.rf.vcsALIXRX8TBIu2mK9gT.jpg, 0, 0, 0, 0, 1
bdc6ddcd3b5129bb_jpg.rf.vGGKLMAv30Zlex9EOx9X.jpg, 0, 1, 0, 0, 0
7ee15edb0c2a85a3_jpg.rf.xukt3Qh7VjnVITM8KXn7.jpg, 0, 0, 0, 1, 0
0133391d627e6df4_jpg.rf.xszyOWdyIGCiI2HmiGNr.jpg, 0, 0, 0, 0, 1
00e0422e47cdbeb7_jpg.rf.yHmAn1jB2oy8XzzQPBzc.jpg, 1, 0, 0, 0, 0
2e29dd7285110315_jpg.rf.yFDM0zX5eq42nNna1rcg.jpg, 0, 0, 0, 0, 1
3adea569e0432f6a_jpg.rf.yDOYJvW95ZY1VLzLMqnk.jpg, 0, 0, 1, 0, 0
cf8379de677b7911_jpg.rf.xaQzmM0IUk0w6kyL6OTK.jpg, 1, 0, 0, 0, 0
076317ab4c925aa9_jpg.rf.x5RZRLSFK0S4b63wchyT.jpg, 0, 1, 0, 0, 0
8448957c4e76c2c4_jpg.rf.y9QwReTgavWU2sgAuqqk.jpg, 0, 0, 1, 0, 0
031a836081712b50_jpg.rf.wZjpl3ylNPHAO9WnRAWH.jpg, 0, 0, 0, 0, 1
d1d94b2d00fe61ca_jpg.rf.wXpn86q0ZuHmuONLjDj4.jpg, 0, 0, 0, 0, 1
3ba18e96c29ab06e_jpg.rf.yJgc9agfUPCHfpJcfY6l.jpg, 0, 0, 0, 1, 0
7845ed5a26cb9fd4_jpg.rf.yC0A3ocskag7uNg55UcR.jpg, 0, 0, 1, 0, 0
02d437a356a7c16e_jpg.rf.vHLFLzl61byax6BaLMCP.jpg, 0, 0, 1, 0, 0
6a04d25b58fe0a27_jpg.rf.xjDsnty2hIUNgKgC3MH6.jpg, 0, 0, 1, 0, 0
0ca61e55ccf257ba_jpg.rf.yVnPtUkAjIzk3ZdBSs6q.jpg, 0, 0, 0, 0, 1
a0b5db178759f6ca_jpg.rf.y4r3EQZKQeqDbSRvRh11.jpg, 0, 0, 0, 1, 0
df7ae805d8d405f6_jpg.rf.yfbLILBZcs9joMRYEntb.jpg, 0, 0, 1, 0, 0
02178f3aa9e8b0d1_jpg.rf.ylUGMmNfzKUMq3VOVyGD.jpg, 0, 0, 0, 1, 0
d8b725a5e406bf77_jpg.rf.EKunjNrlRMzJi9uRdXQp.jpg, 0, 1, 0, 0, 0
878749c0431be08b_jpg.rf.AxEHzN8hJMJsiy8E1Y86.jpg, 0, 0, 0, 1, 0
1781ceeba365928b_jpg.rf.BeJOJjojkNZXLd3W7yur.jpg, 0, 1, 0, 0, 0
b61201eee8903342_jpg.rf.CwWPr6hLa7ec5bg7Ckm4.jpg, 0, 1, 0, 0, 0
1238d5f7b2820007_jpg.rf.BLGDJElnJ0staQy433ct.jpg, 0, 1, 0, 0, 0
954544f166417294_jpg.rf.D8bdv3zdO1blmjXew7Tu.jpg, 0, 0, 1, 0, 0
a6bae981a16ab9a6_jpg.rf.CMLeHCUdjaXTeSZ5L7YQ.jpg, 0, 0, 1, 0, 0
6815d9cdea3f61d8_jpg.rf.ApOGOqemoPy46oA2VVyU.jpg, 0, 0, 1, 0, 0
5c965b7eec9de038_jpg.rf.E9o5RURW82biFyPKCv3f.jpg, 0, 1, 0, 0, 0
013476982d77e380_jpg.rf.E6oudaF78aSJULyWaSIS.jpg, 0, 0, 1, 0, 0
b856e2f0ec2e5fcc_jpg.rf.D4KjZ69XnSLjW5tYBWbg.jpg, 0, 1, 0, 0, 0
4589c2d83ce48bae_jpg.rf.DbfnPeBvGvMPFWfQEOnX.jpg, 0, 0, 0, 0, 1
82d83aabe4bbc7f5_jpg.rf.CCjSNAOjY9jvKg39H0sn.jpg, 0, 0, 1, 0, 0
f346d416e5980473_jpg.rf.ENirC5UUIHi1mlYdIep9.jpg, 0, 0, 0, 0, 1
6b0ff20bea33a627_jpg.rf.CWb0AxkbI75N8WGzv9Cv.jpg, 0, 0, 0, 1, 0
0ff18bf912a38470_jpg.rf.EMxNilgSVL7O0MH03cWw.jpg, 0, 0, 0, 1, 0
723f1dec45f28293_jpg.rf.DM58KCGL1nVQ4FIkXlhI.jpg, 0, 1, 0, 0, 0
4caf1ee77638a3fd_jpg.rf.CnKFuILNubVVC5MZNWnF.jpg, 0, 0, 0, 1, 0
ebdb1c5cf58b8a86_jpg.rf.EfI0z3s3CbeZhsXHZGPU.jpg, 1, 0, 0, 0, 0
cb4e0dac761c5e79_jpg.rf.DfkKBW2rGl1FCXRzB7lB.jpg, 0, 0, 1, 0, 0
a951528227f53582_jpg.rf.EpXAOZAT1BLclrz3BrOd.jpg, 1, 0, 0, 0, 0
9f44fe965d91b697_jpg.rf.DRHw9lktxQCx5ADgjDva.jpg, 0, 0, 1, 0, 0
fb078205fc459cf0_jpg.rf.EkPR1yGtygNF5UPuC7PK.jpg, 0, 0, 1, 0, 0
a70bc382ce075409_jpg.rf.AkFyIldPLgtGAukeIJnq.jpg, 0, 0, 0, 0, 1
7bb1cf09506080dd_jpg.rf.DULBipxtFei5J536SXQq.jpg, 1, 0, 0, 0, 0
13ea89974fc5e30b_jpg.rf.DhTyqTlIk0J2BqTZ2lgb.jpg, 0, 0, 0, 0, 1
7a67044a2e20e055_jpg.rf.Cy2gPjcf00kIdoRz4zjk.jpg, 0, 0, 1, 0, 0
846d94cce4386166_jpg.rf.GQzcleq7p9tUiTlulWav.jpg, 0, 0, 1, 0, 0
f0aa9d4ad9fc9e87_jpg.rf.FtZmGlWRh9kvAD86g8oF.jpg, 0, 0, 0, 1, 0
2c22bcb9295eacdf_jpg.rf.Ffq2LsNEib2qyrQegkD5.jpg, 0, 0, 0, 0, 1
b813acfbebfda35b_jpg.rf.F3tKeezko38Ks05rm8Za.jpg, 0, 0, 1, 0, 0
a9cbd4910c5d9086_jpg.rf.EQ2m8nu8wBtVKWlFenmS.jpg, 0, 1, 0, 0, 0
9b57ee9468a373aa_jpg.rf.FHEqHCrjZlfErWfdkkJV.jpg, 0, 1, 0, 0, 0
beb71a1a1d74af2e_jpg.rf.Eoe42A0hGi6qr86BLpz4.jpg, 0, 0, 1, 0, 0
68caac3407b2275f_jpg.rf.FOPSy0WcdccWVGI3FSvO.jpg, 1, 0, 0, 0, 0
9c8ca199afe3eab2_jpg.rf.FCFcPKoYjD1mVPBJB3ZF.jpg, 0, 0, 0, 1, 0
e4c25e53e7f2ee81_jpg.rf.FhvTf0I6Wx9hBw89BGYc.jpg, 0, 0, 1, 0, 0
54b9aac8bf5e1a20_jpg.rf.FkLSPbTF5V3wFU62rfgz.jpg, 0, 0, 0, 1, 0
cc266fd9ac857379_jpg.rf.FPj03yFgmeYu4SYkqpUc.jpg, 0, 0, 1, 0, 0
559a81baaab7e2df_jpg.rf.GivwgeNUFBPoOfPR2Zp9.jpg, 0, 0, 0, 1, 0
33f44ac135f3aef7_jpg.rf.FebARNww20o70KYoXoJV.jpg, 0, 0, 1, 0, 0
d42a0bbfe8880627_jpg.rf.FhGVtsUOOndZrT2yLlEB.jpg, 0, 0, 1, 0, 0
9a6f354940e93dd4_jpg.rf.GMMkBiehYeikQm5BU9mr.jpg, 0, 0, 1, 0, 0
1c64bff45216007f_jpg.rf.FxyEhepTOcDM9UDmgNpF.jpg, 0, 0, 0, 0, 1
e887c2fbb6a47737_jpg.rf.ItCZNvqg4wMcCvzp0lhm.jpg, 0, 1, 0, 0, 0
c6f32b8a12b9a44a_jpg.rf.HA5yUO5uJFelKZEe6UpT.jpg, 0, 0, 0, 1, 0
2bc6989e7421dc9d_jpg.rf.GiL440iXDvnivl1PUm07.jpg, 0, 0, 1, 0, 0
28ed22d3254867a6_jpg.rf.HbFne5hOHufTh5oNhjbX.jpg, 0, 0, 0, 0, 1
6ff911eff6b2b445_jpg.rf.JkxZKrCeWiZn41TTzm1w.jpg, 0, 1, 0, 0, 0
7fc3bf7ec6900b1e_jpg.rf.JPHQ7duFrSI9jR2ikwfz.jpg, 0, 1, 0, 0, 0
5400848ead05f765_jpg.rf.JjbHB73BIQ5rCYQT5sss.jpg, 0, 0, 1, 0, 0
58e253c5a17f2ca8_jpg.rf.IyGpXl512PY2UEGwUHq2.jpg, 0, 0, 1, 0, 0
307f01bd9b5a07ad_jpg.rf.IuHWtLemTKGHKpWDKWBQ.jpg, 0, 0, 0, 1, 0
0c5138e15c71f741_jpg.rf.KTxRFMsDGLvRWwg9Em64.jpg, 1, 0, 0, 0, 0
b0c53f5874d27590_jpg.rf.Jn5kTkKVjbHpACkD11OL.jpg, 0, 0, 1, 0, 0
1d58456f6d5e9498_jpg.rf.Ha2BDbyjAcYLK6AndEGv.jpg, 0, 1, 0, 0, 0
6704ff10a79cf50f_jpg.rf.HUVMdcaBm0CIvQtZz6YX.jpg, 1, 0, 0, 0, 0
00aaf0a0a9ee7e71_jpg.rf.KBCzX2HtZviBuQY9JDTQ.jpg, 0, 0, 0, 0, 1
da3a592ffd3c4e23_jpg.rf.JUd9DsLRl5vBqcXlxNiH.jpg, 0, 0, 1, 0, 0
86300d7134e22a54_jpg.rf.JHWznk3a5qzr7zbz4oBn.jpg, 0, 0, 0, 0, 1
d7b4f384da274b4a_jpg.rf.KMUWqm75iuIIYfOU5kVs.jpg, 0, 0, 1, 0, 0
0dddb5e2bc416a16_jpg.rf.LJYWxsjsJb3FcduYHowG.jpg, 1, 0, 0, 0, 0
f971dfb20ee52e9b_jpg.rf.L99XGB3M7oD1sMk8Y73W.jpg, 0, 1, 0, 0, 0
c0e2ca0a63cc7aac_jpg.rf.KdU0tXewVj2biN57fXss.jpg, 0, 1, 0, 0, 0
1fc8576317033787_jpg.rf.KKBtuw70uV5JaoSPC06n.jpg, 1, 0, 0, 0, 0
0b35c604f8a87bd0_jpg.rf.KMe69WjuxHI5xqZLXJfu.jpg, 1, 0, 0, 0, 0
30c34450257afce3_jpg.rf.M4RXCQzzJrDxuoXuc9Mr.jpg, 0, 0, 1, 0, 0
cc9784b20f5059c6_jpg.rf.JyWfZv9SEsqkcwUSmJ67.jpg, 0, 0, 1, 0, 0
4b48a5de005d5162_jpg.rf.KyOypTt2ILKCDyekg2kx.jpg, 0, 1, 0, 0, 0
1d9e2bdfc0ef4f35_jpg.rf.LR0ER7AipXMkoeSIX2zY.jpg, 0, 0, 1, 0, 0
646a24cf7ab571e1_jpg.rf.LSEfvK3P1T3wsFD64x9K.jpg, 0, 0, 0, 0, 1
8a82a293c3687273_jpg.rf.MLQLwxoXybrRyJe8hrXc.jpg, 0, 0, 0, 1, 0
b31f29967475ce05_jpg.rf.LLiDykcjj0ZYRxi4tMMg.jpg, 0, 0, 0, 1, 0
43f9dfb36618117e_jpg.rf.M4qVoc5zT12i7UZyeaIZ.jpg, 0, 0, 1, 0, 0
7fe975e3425882fe_jpg.rf.NZxl7gd0wHuu5bO26ZtW.jpg, 0, 1, 0, 0, 0
547c1b1416d7b64d_jpg.rf.N4nx2lSKxtzgVEUZJ00z.jpg, 1, 0, 0, 0, 0
dc904e3df7290455_jpg.rf.MQYiSgKz6ZVyX4JtlVTQ.jpg, 0, 0, 1, 0, 0
a17495d2be501298_jpg.rf.JpMs8bLpRIajKvwCx9nD.jpg, 0, 0, 1, 0, 0
d79e499c711c6b69_jpg.rf.NtT1oE6X7pFpq6FhMXdl.jpg, 0, 0, 1, 0, 0
19ed71affe514276_jpg.rf.MaXS95uHSrJkcxQNoB9U.jpg, 0, 0, 0, 0, 1
041e674d0d9a45ec_jpg.rf.LMTUDjIPeUHgU4b68RVZ.jpg, 0, 0, 0, 1, 0
c238ce6250dcd9d7_jpg.rf.MjSQ1CjyBoVLyEJrDKAw.jpg, 1, 0, 0, 0, 0
949779eae219ffbb_jpg.rf.Mgun0jgi0jzP843Eefkz.jpg, 0, 0, 0, 0, 1
b792b9170353420e_jpg.rf.NC8ykMJhQQTV8sRJzTYd.jpg, 0, 0, 1, 0, 0
66f8fb08aec69f56_jpg.rf.NaMpZi6Ifg9qU1fiZH6d.jpg, 1, 0, 0, 0, 0
e5c0f9ec07e64e58_jpg.rf.MRC9ZMWn9XXi9HR2KG0y.jpg, 0, 0, 1, 0, 0
bacb74ab77c5eccf_jpg.rf.JmRqoOTqcvy8DhP6Eigj.jpg, 0, 0, 1, 0, 0
366078debdbff8c9_jpg.rf.MRIsCYsN7BjBtfqY9bK2.jpg, 0, 0, 0, 0, 1
62095bcc48bd06cf_jpg.rf.N0JRNsP7kKtTF56RrIOM.jpg, 0, 0, 1, 0, 0
962a308b6a4b2fbc_jpg.rf.NjbbOgZyJy6UEbcD1WY7.jpg, 0, 0, 1, 0, 0
6deb06ad4f5642aa_jpg.rf.NGZvQa3bou6dbbPKCDcL.jpg, 0, 1, 0, 0, 0
d5a95b86f4ce76c1_jpg.rf.Nd1bUc0qpMgf5Fcm4U1t.jpg, 1, 0, 0, 0, 0
f34351bcba59ff09_jpg.rf.O5keryA6uMEG3EG5pdsd.jpg, 0, 1, 0, 0, 0
08ebb1106c5f4799_jpg.rf.NhEpevpClnnaJ1dYEL76.jpg, 1, 0, 0, 0, 0
5d2ed108b18d3897_jpg.rf.OkaLnYKKb5Kd23SV9xHW.jpg, 0, 0, 1, 0, 0
17d99b801acab230_jpg.rf.OoD9VMNX3qJJVo4MtWBX.jpg, 0, 0, 0, 1, 0
ed24483d1c6d977f_jpg.rf.P7ViJg97JbjAi0F4n1R3.jpg, 0, 0, 1, 0, 0
bfa31c9efb82129a_jpg.rf.PxwZQne4rLEAzKyvd7VH.jpg, 0, 0, 0, 1, 0
5e61a07f1d23ec8d_jpg.rf.PbjJNxe2uLsi1apYLyZo.jpg, 1, 0, 0, 0, 0
3612859ad8f4b8ac_jpg.rf.P8Yfg7wmbFrJzul0c16V.jpg, 0, 0, 0, 1, 0
63ee0ce9f69bf8e5_jpg.rf.PnRjGBSWtdTYaYCq1Q6z.jpg, 1, 0, 0, 0, 0
d77b53c86cdbdadf_jpg.rf.OszD9zTOKsG6LblqcDbU.jpg, 1, 0, 0, 0, 0
aef70378eeebbb14_jpg.rf.OlbOfvRFj8rVyEV0mQy4.jpg, 0, 0, 0, 1, 0
d3825b2a6074c541_jpg.rf.Nz0gLZeCAmrhNGDOlNyD.jpg, 0, 0, 0, 1, 0
fae37ea779ec1c65_jpg.rf.RS9Y4EUtmES9dzsykqWz.jpg, 0, 0, 1, 0, 0
28d3c263a66b08f5_jpg.rf.PscJGYNL7Kczh6fTHzfD.jpg, 0, 0, 0, 1, 0
2d94e4aa09c1c7de_jpg.rf.PqpF5J0wmYBef380GjYT.jpg, 0, 0, 0, 1, 0
ceaec0f3cdb104c0_jpg.rf.QrPKy9hWiK1MEGOAw8N6.jpg, 0, 1, 0, 0, 0
d56b0614c384299d_jpg.rf.P7cc3Z47Up3NkPpWqmst.jpg, 0, 0, 1, 0, 0
2430d5e7d680b683_jpg.rf.OyBZncJVddKt93HJUo0d.jpg, 0, 0, 1, 0, 0
379423cf6bfdfa68_jpg.rf.PQM0jh7v8F5pyKV6Ujph.jpg, 0, 1, 0, 0, 0
e5659578c021aacf_jpg.rf.RV9EeqdbzByto80mhYFk.jpg, 0, 0, 0, 0, 1
d31c720e294fee1a_jpg.rf.Q3mauvLSwT6fHWZUzyDh.jpg, 0, 0, 0, 0, 1
6530d0782d211876_jpg.rf.RINkDLcDSWaxWxZ06CxJ.jpg, 0, 0, 1, 0, 0
bad3fff8e9589902_jpg.rf.QLZh2G5Ei2HWJvfECRzP.jpg, 0, 0, 1, 0, 0
cdae08c988feed9d_jpg.rf.OJG2DkJxMGxQYl05jaRQ.jpg, 0, 0, 1, 0, 0
aeb050c3f8cd4cd0_jpg.rf.RffYhefymbdhcKJS1qRq.jpg, 1, 0, 0, 0, 0
3b10eae932548195_jpg.rf.RevOsPk4q0glOKvnD5TO.jpg, 0, 1, 0, 0, 0
8d96556cdec8743f_jpg.rf.RaBdm6iZifTgy1CZQ7uQ.jpg, 0, 0, 1, 0, 0
2d31e0cd26889eaa_jpg.rf.RGNDuae9QN5hXIpcFcWH.jpg, 0, 0, 1, 0, 0
3a7cb48aac371b62_jpg.rf.QtvC8mnwCkGgGNQK1Npb.jpg, 0, 1, 0, 0, 0
32a5e22ccdaa8d98_jpg.rf.Rw07TaVeTyjxmMYRGGPM.jpg, 0, 0, 1, 0, 0
32d513726785e781_jpg.rf.SGxqTtxLpEZcq3uzXKC7.jpg, 1, 0, 0, 0, 0
7c7fb68e46068c1a_jpg.rf.SMMC1hl4muynLoUq3oXA.jpg, 0, 1, 0, 0, 0
da386cf96761ef58_jpg.rf.R27NNWvN3ZYHN4n3DiH4.jpg, 1, 0, 0, 0, 0
bf9e0fd614ba028d_jpg.rf.ST3RBdT6ishjBCCOxu9P.jpg, 0, 0, 1, 0, 0
0df5a680a412fa0b_jpg.rf.TAvwaNBqf1CxVWb2bgXP.jpg, 0, 0, 0, 0, 1
5d06268dea00edf0_jpg.rf.RnP85aq2srPwjZJA0yJP.jpg, 0, 0, 1, 0, 0
e3b441115c18fca3_jpg.rf.SttvhFDxYuGUgQtsJwGQ.jpg, 0, 0, 0, 0, 1
067e7d6c015a431d_jpg.rf.Sc4J72rjXVYLyfPXCLhr.jpg, 0, 0, 0, 1, 0
747cd7852c715967_jpg.rf.RxcaZkicjT3b039SPuvs.jpg, 0, 0, 0, 0, 1
214e9577f1bc9e1a_jpg.rf.Sg6TcWCCd4fVWPyssDbb.jpg, 0, 0, 0, 1, 0
6fcb072467002402_jpg.rf.TCEmp6vCEp7CjGS75dq8.jpg, 0, 0, 1, 0, 0
e9318ed3c92c142b_jpg.rf.RkCY1MgO5effU8RbdbcJ.jpg, 0, 0, 1, 0, 0
040d25a99e7b675b_jpg.rf.UIHiGJcPfPY36egSAJft.jpg, 1, 0, 0, 0, 0
068868f40fb6dbec_jpg.rf.TuNx4cAV28rilGbgRwVh.jpg, 0, 0, 0, 0, 1
99d905d40b37c9a6_jpg.rf.UhUTFxIgkZYcOb66s8bI.jpg, 0, 0, 1, 0, 0
aeacc12dda099133_jpg.rf.UcADgOqQZa0VuaXeTCNP.jpg, 0, 0, 1, 0, 0
b00a9478020cf814_jpg.rf.Tl678UkssCBR6QSUivw7.jpg, 0, 1, 0, 0, 0
aecd7416f432a683_jpg.rf.TBc607mPUq0PybaJP48d.jpg, 0, 1, 0, 0, 0
d7fba63298a3e34e_jpg.rf.TO64I6RrM94nz9RbkeHW.jpg, 1, 0, 0, 0, 0
3b6986bd37ece365_jpg.rf.UIDlleiYysZZZCv1wStD.jpg, 0, 0, 1, 0, 0
094a36746383c2c9_jpg.rf.WsClMrSP8ZzTrei6Ef3y.jpg, 0, 0, 1, 0, 0
49304cbc80ffb423_jpg.rf.USSzJfRTqKyE4mssKn4W.jpg, 0, 0, 0, 0, 1
26775ec6cdcdbc9d_jpg.rf.SrxQQ6ss3w30smaf4U7W.jpg, 0, 0, 0, 0, 1
5cba43398b2ecbb0_jpg.rf.UDRXLHgyFOVw5HPh58rV.jpg, 0, 0, 1, 0, 0
fd30ab5d0338b876_jpg.rf.VRm3YzkXCYnr6egbKnaZ.jpg, 1, 0, 0, 0, 0
f0e4f481d71014ab_jpg.rf.V5oEMJH1zEBVt0dUrZ9y.jpg, 0, 0, 0, 0, 1
e7e8dc4cf52ecc62_jpg.rf.VCNFFHYbgsYI62YaXji3.jpg, 1, 0, 0, 0, 0
c68b78dcd33a89c0_jpg.rf.V10uTZhtbNevRGm3Ctg9.jpg, 0, 0, 1, 0, 0
045f8f2e4c2e3077_jpg.rf.UTYIHRlCuTNPmBhGUQ8A.jpg, 0, 0, 0, 0, 1
1d26ac4c9e98acc1_jpg.rf.VzquRYAydWgUVdviiPv7.jpg, 0, 0, 0, 1, 0
8e7132bac206401a_jpg.rf.VejMFXEIJnTJ9HkB7GtP.jpg, 0, 1, 0, 0, 0
4efd242e1c4b204c_jpg.rf.VPjbrymQAsib56vVDF2M.jpg, 0, 0, 0, 0, 1
592e3df4fde8793d_jpg.rf.V8ZfmDZjSJtwLet3s8Ha.jpg, 0, 0, 1, 0, 0
0dc6d85a2ba0a534_jpg.rf.VzZEm1gYQCNHsenfKQc6.jpg, 0, 0, 0, 1, 0
d6aff68bbb64a2d7_jpg.rf.XhQX5ryhPlgj7w9Jdafw.jpg, 0, 1, 0, 0, 0
d24ca593fdb348fc_jpg.rf.WBJZJRTH5grK2LVifWBP.jpg, 1, 0, 0, 0, 0
8a72cf2f25b0b187_jpg.rf.WEBUEgyCPVAnG9jcPOBB.jpg, 0, 0, 1, 0, 0
44e913fc3c81999f_jpg.rf.VLFM5Y5bUgIEYUU7VFJa.jpg, 0, 0, 1, 0, 0
b55c2626eb8387c4_jpg.rf.WyJCmKX0X3yXAqzBOC9g.jpg, 0, 0, 1, 0, 0
aa159f88e636f64c_jpg.rf.ZDjdESkuzWQEgJG2jj7r.jpg, 0, 0, 0, 1, 0
e9817cc6def5f246_jpg.rf.UiJeWuKxtgrgQVMOH1Bm.jpg, 0, 0, 1, 0, 0
8d7a89e438cd9f89_jpg.rf.XEHORqWAY08fRHbnJx8h.jpg, 1, 0, 0, 0, 0
b9e1dcfd07291353_jpg.rf.XkC7OSBXg7QqeCQsfRzn.jpg, 0, 0, 0, 1, 0
07dfa70d0dfdf4e8_jpg.rf.XuHXFyNdWJ2thHIlo1Z2.jpg, 1, 0, 0, 0, 0
020fcce8dd0c0653_jpg.rf.YHXo4M57w09raw4bkB19.jpg, 0, 1, 0, 0, 0
6361620bf0d610ac_jpg.rf.ZueouP7zcaXAYGwVXSHQ.jpg, 0, 0, 0, 0, 1
eaa621be0a24470e_jpg.rf.VdyCvji0uKVA5YuzpM2e.jpg, 0, 1, 0, 0, 0
a7d33981079f545f_jpg.rf.XzJ6xvIOlomqkDUE59rE.jpg, 0, 1, 0, 0, 0
7f3819434208d49f_jpg.rf.a203259b622dc244b7152f0a4e8874fe.jpg, 0, 0, 0, 1, 0
b829b619823db831_jpg.rf.a279a395e51e92fdc6f1fff87c3c7229.jpg, 0, 0, 1, 0, 0
1b9c5720266a6140_jpg.rf.Z5naVkKrgkjWf9dGUBX8.jpg, 1, 0, 0, 0, 0
fb23426a994489c5_jpg.rf.a4eb2c75f0f22e4eb2062bf4c64e343e.jpg, 0, 0, 1, 0, 0
b12f449994380c37_jpg.rf.XPIjA9HimqX2oRJ3EiQj.jpg, 0, 1, 0, 0, 0
dc0dbdc656725dc2_jpg.rf.YjuyJ7f1Nm3h5yQeDkA9.jpg, 0, 0, 1, 0, 0
a7a0f7d1903a8072_jpg.rf.a0236239a7198d8b959b7b2ab5ef4ad8.jpg, 0, 0, 0, 0, 1
d42a0bbfe8880627_jpg.rf.a87415d60fcc1acb827b64b3ccce8a79.jpg, 0, 0, 1, 0, 0
a438cdc02b45c29c_jpg.rf.YLrbRakQOl65LnIs9pt9.jpg, 0, 0, 0, 1, 0
26263aba764cf3ed_jpg.rf.a14e89d811816f76b883b6aac67559a8.jpg, 0, 0, 1, 0, 0
ea87ffff22c14e7a_jpg.rf.a3617e737c1eab6b5b7473e03c0e98cf.jpg, 0, 0, 0, 0, 1
0a03d85b3dcb2a1b_jpg.rf.a00ac9c0b1e0178bd393f049593c73c6.jpg, 0, 0, 1, 0, 0
1b9c5720266a6140_jpg.rf.a8186fcc7a9506f790202a5fa166c23c.jpg, 1, 0, 0, 0, 0
3306489836719c96_jpg.rf.a9ffe2471f824bc00b2ed031a04845cc.jpg, 0, 0, 1, 0, 0
2c22bcb9295eacdf_jpg.rf.a9deea64a3f990fafb6c5307bf7f50fa.jpg, 0, 0, 0, 0, 1
e0911bf7f6fa1c50_jpg.rf.YYIhMdsas9UzI44NSK2B.jpg, 1, 0, 0, 0, 0
02d437a356a7c16e_jpg.rf.a0d37064c126f5e2bf3493b06bb94b4a.jpg, 0, 0, 1, 0, 0
d5982e8c9f63acc8_jpg.rf.a8b90ac22bcc5c43827d519b8e76ffe0.jpg, 0, 0, 1, 0, 0
00e0422e47cdbeb7_jpg.rf.a8b6f2ef17a14eb8b9228d26366a124d.jpg, 1, 0, 0, 0, 0
723f1dec45f28293_jpg.rf.abd3c4254dd4858e64a9e6aa313a6a9d.jpg, 0, 1, 0, 0, 0
447c9ff274fab842_jpg.rf.Yzz1UWLTvLeMwXBZTtat.jpg, 0, 1, 0, 0, 0
ebac2405f7f51c19_jpg.rf.acddb452a067be17761f1e988019196d.jpg, 0, 0, 0, 1, 0
4039b64d9f2b5291_jpg.rf.aYdrPQN4sX0ZiVKnT2gv.jpg, 0, 0, 1, 0, 0
7eecf7ff2aaa158b_jpg.rf.a782a619ba0f65fd1caf1302faaa5e5f.jpg, 0, 0, 0, 0, 1
09fd3f0199f2be7e_jpg.rf.afd5e30f9d5d3cae89ecd8aafec6b7f1.jpg, 0, 0, 0, 1, 0
0ebb654be1697247_jpg.rf.abbc5823dfcfda731702c580ed4a18b1.jpg, 1, 0, 0, 0, 0
c77be5bb5fb7e75c_jpg.rf.aV0M8Njg7icXSWGNtS11.jpg, 0, 1, 0, 0, 0
6f6469b661188809_jpg.rf.aHKEwgPjl3iipK6BDAZ8.jpg, 1, 0, 0, 0, 0
7f3819434208d49f_jpg.rf.aDBLWhWFvg0oFZvmzDL3.jpg, 0, 0, 0, 1, 0
48763535bbf4e21f_jpg.rf.a54cf5898534d815db2159ffd1b2393b.jpg, 0, 1, 0, 0, 0
363720f781ca3c15_jpg.rf.ad29cb8878481417d7734f2d6ad975bc.jpg, 0, 0, 0, 1, 0
f5983edffb0122f6_jpg.rf.aHRnTMSMOxumBjFrFozL.jpg, 0, 0, 0, 1, 0
a438cdc02b45c29c_jpg.rf.ad90fa036ee141b87e75721256a2e562.jpg, 0, 0, 0, 1, 0
32a5e22ccdaa8d98_jpg.rf.b1323390907e7b3b49c716990841af33.jpg, 0, 0, 1, 0, 0
26a70b16b74ea019_jpg.rf.b45c2e3d28ca44690d56eefca282f2c6.jpg, 1, 0, 0, 0, 0
db8edd501003ee7d_jpg.rf.b3192b166ccaa98b8ebf91bc9a7d7f41.jpg, 0, 0, 1, 0, 0
7647fd79a316276d_jpg.rf.b09460cbc5931a092b36b3202514f59e.jpg, 0, 0, 0, 0, 1
6f90ee12f14ee50a_jpg.rf.aENErz5PSfFtkNyM8rLH.jpg, 0, 0, 1, 0, 0
eeaaa970c01c0f77_jpg.rf.ac8f32cc012ee3f8ceaa1581b4652c8f.jpg, 1, 0, 0, 0, 0
e887c2fbb6a47737_jpg.rf.afba00e4c1732a507d0701c3f8339dcc.jpg, 0, 1, 0, 0, 0
63ee0ce9f69bf8e5_jpg.rf.b25ea9d2a6814412b2f0210a10eeb735.jpg, 1, 0, 0, 0, 0
8a72cf2f25b0b187_jpg.rf.b3b5db2be68b1f5a0ec25f30866b494b.jpg, 0, 0, 1, 0, 0
024a282cdc754de8_jpg.rf.b4951b9370248704b3b1d1c750cc4fba.jpg, 0, 0, 1, 0, 0
27fed64f6e8e0fb1_jpg.rf.b50KniIs94RySOnXJ9Un.jpg, 0, 0, 1, 0, 0
30c34450257afce3_jpg.rf.b83c34f30a3f6cb99199457089eef757.jpg, 0, 0, 1, 0, 0
7ee15edb0c2a85a3_jpg.rf.b33ea56f7fe0caf8593481936e239399.jpg, 0, 0, 0, 1, 0
c350281af5ea9607_jpg.rf.b4496ae6178ccae2b5a0a621a47874b0.jpg, 0, 1, 0, 0, 0
503173c071165bfb_jpg.rf.bbb967bb78ed693b6857b022efe72b5a.jpg, 0, 0, 1, 0, 0
b2b2e93f1a010cc6_jpg.rf.b90b02256d906e1b068192b638423634.jpg, 0, 0, 1, 0, 0
c238ce6250dcd9d7_jpg.rf.b8b136041ac7d275070491373e31a253.jpg, 1, 0, 0, 0, 0
8d96556cdec8743f_jpg.rf.b3e36f3f36339be1fa3fd5d297742692.jpg, 0, 0, 1, 0, 0
547919acfed4d238_jpg.rf.b54846dcc2213d01fe36dbcb81fefb79.jpg, 1, 0, 0, 0, 0
1f73c7a77643e224_jpg.rf.bBv2FpQK1LRbWbSe2SbR.jpg, 0, 0, 0, 1, 0
c52500a14f92ff65_jpg.rf.bac8f96b8928ebabc80a2e39fe5bb650.jpg, 0, 0, 0, 0, 1
094a36746383c2c9_jpg.rf.adac28dd027835ae6bd5d92c6411f7ee.jpg, 0, 0, 1, 0, 0
1781ceeba365928b_jpg.rf.b658668ccefc5b053a17a307e0cd6c11.jpg, 0, 1, 0, 0, 0
10e8132f183fcc3e_jpg.rf.bd65cc173ce6f95cfd720b46a04ab9b3.jpg, 0, 0, 1, 0, 0
f46ff82400cf2c40_jpg.rf.bba96b761d22387c039487f9924d5130.jpg, 1, 0, 0, 0, 0
b00a9478020cf814_jpg.rf.b719caba40fa5531ea5da7043cde58be.jpg, 0, 1, 0, 0, 0
8064f777d12332de_jpg.rf.c05c9d18b589ae4fd60386248bbc87e4.jpg, 0, 0, 1, 0, 0
ea4db6d3182a65f7_jpg.rf.bb2a91b249ad8e1a1662a17373561168.jpg, 0, 0, 1, 0, 0
35d9087aa3e253ac_jpg.rf.bAde5f2YZnhqcBLjA2Om.jpg, 0, 0, 1, 0, 0
9b57ee9468a373aa_jpg.rf.bbeb87a5aa22964216cb150353000505.jpg, 0, 1, 0, 0, 0
d3825b2a6074c541_jpg.rf.c1bd59678beb04c3ed222062798eaac0.jpg, 0, 0, 0, 1, 0
c645a919dfb54b94_jpg.rf.bbbc2d599509a2570d27a7d1449d2039.jpg, 0, 0, 1, 0, 0
0d829bbd335fe81c_jpg.rf.c2a5859613b3f250d19926ba3fb0b22e.jpg, 0, 1, 0, 0, 0
ceaec0f3cdb104c0_jpg.rf.bbacf3d4ed5518a6d05cf18f03176cb0.jpg, 0, 1, 0, 0, 0
068868f40fb6dbec_jpg.rf.bd6b74811d9dd31a359a15d69dcb3d60.jpg, 0, 0, 0, 0, 1
f1e36e4d71ff6b57_jpg.rf.c03ebd87172fdaf91b176cfb9125481a.jpg, 0, 0, 1, 0, 0
f5983edffb0122f6_jpg.rf.c0b665de748421149c37026aaa84f0fe.jpg, 0, 0, 0, 1, 0
a37730f43629ed00_jpg.rf.b2NktvrYPF8IJunrKBQV.jpg, 0, 0, 1, 0, 0
e0911bf7f6fa1c50_jpg.rf.bd80218310032b8781fd4753c1073ce8.jpg, 1, 0, 0, 0, 0
fb078205fc459cf0_jpg.rf.c4baea948321ec89470b894d2b017d9d.jpg, 0, 0, 1, 0, 0
a95dff91d3ce071a_jpg.rf.c5d29258fac242976928c70868b7ae30.jpg, 0, 0, 0, 1, 0
99d905d40b37c9a6_jpg.rf.c392d37141642fbceb40f6a855e46cfe.jpg, 0, 0, 1, 0, 0
547c1b1416d7b64d_jpg.rf.bc4e7a779ac5ccc58c74ce55a1218322.jpg, 1, 0, 0, 0, 0
b856e2f0ec2e5fcc_jpg.rf.c4d72233e8631ace37177e308efc13ba.jpg, 0, 1, 0, 0, 0
552a0d9a0fc92dac_jpg.rf.c1d215d149e6deb7126925352ac37518.jpg, 0, 0, 1, 0, 0
44e913fc3c81999f_jpg.rf.c4ca9965aa32ea5d6c4ec72ab66f57ca.jpg, 0, 0, 1, 0, 0
43f9dfb36618117e_jpg.rf.c374950b7a017b990d29dd0de4bf97cb.jpg, 0, 0, 1, 0, 0