filename, -1, 0, 1, 2, 3
20210514_18_54_26_000_uA7x1XuBPngcHFRu7KambGvmgt62_F_5632_4224_jpg.rf.fb5d28033ea4d5d76d699cf6a391d8b6.jpg, 0, 0, 0, 1, 0
00074_jpg.rf.f52b3760caca7b7882008cf3c016e11b.jpg, 0, 0, 1, 0, 0
00140_jpg.rf.f52ac635f4c3f6392323b14892edf309.jpg, 0, 0, 1, 0, 0
00058_jpg.rf.fb9d06e9fb59a354f996d003e9c537b5.jpg, 0, 0, 1, 0, 0
Datacluster-Truck--114-_jpg.rf.f58875f9e6ffb34e2149e4499c024f39.jpg, 0, 1, 0, 0, 0
00077_jpg.rf.f477f19875aa47cd65433ec34ef09162.jpg, 0, 0, 1, 0, 0
Datacluster-Truck--85-_jpg.rf.f36a07cd079143049abb743368475135.jpg, 0, 1, 0, 0, 0
00191_jpg.rf.f31036ba15d4d4da1ff2aa58603a7e17.jpg, 0, 0, 1, 0, 0
00126_jpg.rf.f3dc6a0e6154578f59e56fd0c9cf3564.jpg, 0, 0, 1, 0, 0
00057_jpg.rf.f3512e814941a445f83ffb7fdf899521.jpg, 0, 0, 1, 0, 0
00173_jpg.rf.f6e1b8f2359133c835f2f603245012a4.jpg, 0, 0, 1, 0, 0
00153_jpg.rf.f1a33364a892198a958fa70c8bf7e5a8.jpg, 0, 0, 1, 0, 0
00128_jpg.rf.f0c96131a322afa9940991d880cfbb48.jpg, 0, 0, 1, 0, 0
00101_jpg.rf.f85c966041d558fe267df579efac0d26.jpg, 0, 0, 1, 0, 0
00156_jpg.rf.f082811d89c22d6824239924554985ef.jpg, 0, 0, 0, 0, 0
00100_jpg.rf.f2142e3395254420263b61a7f3e3c1c1.jpg, 0, 0, 1, 0, 0
Datacluster-Auto--29-_jpg.rf.f8bb60486f1e0dae1603259ba260f964.jpg, 0, 0, 0, 0, 1
Datacluster-Truck--65-_jpg.rf.f23559f9ba5955f281ff4bccf0afc326.jpg, 0, 1, 0, 0, 0
Datacluster-Auto--8-_jpg.rf.f87f74af17a2caa8eee0195eb0ebb9d6.jpg, 0, 0, 0, 0, 1
00164_jpg.rf.f6e8c062d8ecfc751fd2173b24a59c41.jpg, 0, 0, 1, 0, 0
00090_jpg.rf.f07fe0dfb54b6b347102f73bb7c80338.jpg, 0, 0, 1, 0, 0
Datacluster-Auto--4-_jpg.rf.f5b7843c3cc2aea7cac809294aff74de.jpg, 0, 0, 0, 0, 1
Datacluster-Truck--99-_jpg.rf.fa5872876db65a8d81e316f48a60b76b.jpg, 0, 1, 0, 0, 0
00025_jpg.rf.fab1b665c7e5613b2e0593a77481c214.jpg, 0, 0, 1, 0, 0
karnataka-buses20_jpg.rf.f3dd60f9602d35f57e85d8c141b85052.jpg, 0, 0, 0, 1, 0
00004_jpg.rf.fd6f317bce4b5b8d6166b44acfc33420.jpg, 0, 0, 1, 0, 0
00111_jpg.rf.fd4aa9fa290915d61e835978c45154b7.jpg, 0, 0, 1, 0, 0
00153_jpg.rf.fd306d3e6d46d785dcc4193f77a172a1.jpg, 0, 0, 1, 0, 0
00201_jpg.rf.fcbd54965e2a51e11e0c4d425bd2e259.jpg, 0, 0, 1, 0, 0
00003_jpg.rf.478e23e0dda076d9798c506320d9df78.jpg, 0, 0, 1, 0, 0
00192_jpg.rf.4286f7ad232eb54df5a0222421678a50.jpg, 0, 0, 1, 0, 0
00080_jpg.rf.436e9a6108665a1e88a27365d1212a81.jpg, 0, 0, 1, 0, 0
00190_jpg.rf.43bbabd9673b7deb4eabd03c151e7c87.jpg, 0, 0, 1, 0, 0
00217_jpg.rf.440d979e8367a00f99dcff7929fa0d94.jpg, 0, 0, 1, 0, 0
Datacluster-Truck--177-_jpg.rf.48caba0307fc9441cd362fa886ba4dbe.jpg, 0, 1, 0, 0, 0
Datacluster-Truck--61-_jpg.rf.46639088691ace71f29cd41e427b69aa.jpg, 0, 1, 0, 0, 0
00081_jpg.rf.45ee7b410989b0cb5994a628dbea244b.jpg, 0, 0, 1, 0, 0
00090_jpg.rf.44b4d8f4a19fe3f32e9972946fb28f92.jpg, 0, 0, 1, 0, 0
Datacluster-Truck--110-_jpg.rf.4793e45de9fbf6f2c339c98d80224476.jpg, 0, 1, 0, 0, 0
00030_jpg.rf.493f293bc69217ea53425677754f5e33.jpg, 0, 0, 1, 0, 0
00015_jpg.rf.48fb46dcb0753535fa3fa8e572691629.jpg, 0, 0, 1, 0, 0
Datacluster-Truck--104-_jpg.rf.420946acfa710a5abff7007734a105ac.jpg, 0, 1, 0, 0, 0
00017_jpg.rf.42bf5a8a508ceea0d4312c193bd8147a.jpg, 0, 0, 1, 0, 0
Datacluster-Truck--133-_jpg.rf.436990329a115f9a6facaba0af7ef64e.jpg, 0, 1, 0, 0, 0
Datacluster-Auto--113-_jpg.rf.44148cc9897eee753e7d0197d64a3e64.jpg, 0, 0, 0, 0, 1
Datacluster-Truck--59-_jpg.rf.464a727d9729aa2837d376f3d3fe84fc.jpg, 0, 1, 0, 0, 0
00191_jpg.rf.41d0f9c96d478c3bc359e1d90b2b3f65.jpg, 0, 0, 1, 0, 0
00087_jpg.rf.4190f7d7eb6d1911df8f5e209cf4bb58.jpg, 0, 0, 1, 0, 0
Datacluster-Truck--70-_jpg.rf.414b01f647f1f67110741c9528237ecd.jpg, 0, 1, 0, 0, 0
karnataka-buses6_jpg.rf.460d3e608afcd434783e10fdc9c4c6b5.jpg, 0, 0, 0, 1, 0
karnataka-buses70_jpg.rf.4a2757c13e36cf39dc1ba15f7e7baf4b.jpg, 0, 0, 0, 1, 0
Datacluster-Truck--148-_jpg.rf.480d54975fec108e4292fb2c0d520533.jpg, 0, 1, 0, 0, 0
00087_jpg.rf.49d6d5bc6a5f07bfb2dc5e53c4b92623.jpg, 0, 0, 1, 0, 0
karnataka-buses66_jpg.rf.42bac41ceb54beb12c30ba2c86fcff06.jpg, 0, 0, 0, 1, 0
00020_jpg.rf.466edb606e9ff83abf93bd2a6c65b779.jpg, 0, 0, 1, 0, 0
00184_jpg.rf.41628c3486b2e25423e12695d3c36427.jpg, 0, 0, 1, 0, 0
00051_jpg.rf.4a0fe150b96a6ec8c0c3fd6864d14a94.jpg, 0, 0, 1, 0, 0
00175_jpg.rf.49b5edf006f0ebf150d40bc7b3831a82.jpg, 0, 0, 1, 0, 0
00152_jpg.rf.4a63d548d65edf7afba81cec9bbd57ed.jpg, 0, 0, 1, 0, 0
Datacluster-Auto--22-_jpg.rf.4b953d03c204e1ce18ac1c1532a695a9.jpg, 0, 0, 0, 0, 1
karnataka-buses63_jpg.rf.4d49e23a82fee847994effc7b0dafbbf.jpg, 0, 0, 0, 1, 0
Datacluster-Truck--127-_jpg.rf.4c3ae9409642a831badf6ef15a456db5.jpg, 0, 1, 0, 0, 0
00194_jpg.rf.4d26466f9942fbcab09387f5a352745b.jpg, 0, 0, 1, 0, 0
00139_jpg.rf.4d559429eac793dd514e2e559dc9bf70.jpg, 0, 0, 1, 0, 0
karnataka-buses28_jpg.rf.4d0d0adbc3da3675a0a505176b8fbedd.jpg, 0, 0, 0, 1, 0
00173_jpg.rf.4ef453ee46577bf93f63fbb6fa295a68.jpg, 0, 0, 1, 0, 0
00190_jpg.rf.4cec3e3081785ade1fe3d8d34b1368b0.jpg, 0, 0, 1, 0, 0
00010_jpg.rf.4da506a5ab3d0d551d819d48f810c17f.jpg, 0, 0, 1, 0, 0
00012_jpg.rf.505cd965975b894e3c213f1b47ff188d.jpg, 0, 0, 1, 0, 0
00036_jpg.rf.4df6fc809b64fd8e6407f8b542e27ca9.jpg, 0, 0, 1, 0, 0
00058_jpg.rf.4f0519c9d6ef422fdbe291af8bc50bc4.jpg, 0, 0, 1, 0, 0
00082_jpg.rf.506f767a657eb3bbd002f9803fd5e687.jpg, 0, 0, 1, 0, 0
00055_jpg.rf.4e81a953ceb85aaa16f075c6a85acbbf.jpg, 0, 0, 1, 0, 0
00070_jpg.rf.534382fd2e21b0dc58bf4d31ea289178.jpg, 0, 0, 1, 0, 0
Datacluster-Truck--136-_jpg.rf.50d4715ce0b39b5830355d4c9ad2d50a.jpg, 0, 1, 0, 0, 0
00028_jpg.rf.50344cc1ceb78e857032b75075cbce2d.jpg, 0, 0, 1, 0, 0
00073_jpg.rf.5453d6fb42faf4d989ba30256d7cf1b2.jpg, 0, 0, 1, 0, 0
20210511_17_17_53_000_bsfUf1M1E9bMsvY4ENiWwUWjDQp2_F_4160_3120_jpg.rf.546804f493cbfe41fabce2f9b1efe450.jpg, 0, 0, 0, 1, 0
00099_jpg.rf.52879d203fb7e51343b349039bcfb260.jpg, 0, 0, 1, 0, 0
00146_jpg.rf.5500d41b734773d5e078084e6121f40a.jpg, 0, 0, 1, 0, 0
00137_jpg.rf.553ebbb642f1ea2de38fc467b4634578.jpg, 0, 0, 1, 0, 0
00074_jpg.rf.54da6da26a92cb9b3df25d6fc8af4e29.jpg, 0, 0, 1, 0, 0
karnataka-buses39_jpg.rf.535e9d1e94201d586838c4e4ef0db5ca.jpg, 0, 0, 0, 1, 0
karnataka-buses19_jpg.rf.55e7b870cc3864eb8d558ef54a8e61b9.jpg, 0, 0, 0, 1, 0
00159_jpg.rf.5752c52b9a424ece4e505ace5c160290.jpg, 0, 0, 1, 0, 0
00030_jpg.rf.562093fdf49c3ecf0960a6523cffc7a9.jpg, 0, 0, 1, 0, 0
Datacluster-Truck--4-_jpg.rf.57dfe939639fce9e83b60e47dccfe06d.jpg, 0, 1, 0, 0, 0
karnataka-buses66_jpg.rf.5842857ef5f64a793eeeac78c31115b6.jpg, 0, 0, 0, 1, 0
00190_jpg.rf.552e69bbecfaa47a656b48e6e89c417f.jpg, 0, 0, 1, 0, 0
Datacluster-Truck--105-_jpg.rf.564bf0148b61491d0076982c37c6f425.jpg, 0, 1, 0, 0, 0
00119_jpg.rf.5a3754fedefa43ded55e010e3e03a30e.jpg, 0, 0, 1, 0, 0
00005_jpg.rf.57e05596d62c3741da91deecab0f59b5.jpg, 0, 0, 1, 0, 0
karnataka-buses4_jpg.rf.55f6ad3d2ca03e333338e92a7313ddf5.jpg, 0, 0, 0, 1, 0
karnataka-buses28_jpg.rf.57a1a2d157cd8dbd7051f2dfb15e8876.jpg, 0, 0, 0, 1, 0
Datacluster-Auto--63-_jpg.rf.5a33e74c5223c8ca2013910d721cd5bb.jpg, 0, 0, 0, 0, 1
karnataka-buses26_jpg.rf.58cf809b32b9c05e888f564c6af2c34e.jpg, 0, 0, 0, 1, 0
Datacluster-Truck--130-_jpg.rf.5a0dadd5a91fddab0e5bc3e465c0b452.jpg, 0, 1, 0, 0, 0
00070_jpg.rf.5b82c3e0eda1b0a649712b6c9c51731a.jpg, 0, 0, 1, 0, 0
00114_jpg.rf.5a37dcae1f58830ba4bd166f612bd514.jpg, 0, 0, 1, 0, 0
Datacluster-Truck--177-_jpg.rf.586e6d9675bd761f645acc17f4bbc4de.jpg, 0, 1, 0, 0, 0
Datacluster-Auto--55-_jpg.rf.5b9a482e445e7b3e7e56c32d67b987d2.jpg, 0, 0, 0, 0, 1
00071_jpg.rf.5baeffa42dfdb9e9eeaf752c3d3618ef.jpg, 0, 0, 1, 0, 0
00086_jpg.rf.5c3dc414f7b8364f724805cd0714fa42.jpg, 0, 0, 1, 0, 0
00217_jpg.rf.5ca034ae7f4c12af3ab96a4d1f67ed3f.jpg, 0, 0, 1, 0, 0
Datacluster-Truck--155-_jpg.rf.5cda4d62b6043411da00bad49a252909.jpg, 0, 1, 0, 0, 0
Datacluster-Truck--130-_jpg.rf.5d618759bc03b1cac46ce124800ec242.jpg, 0, 1, 0, 0, 0
00047_jpg.rf.5d24755d9f4810302759dc2077137e00.jpg, 0, 0, 1, 0, 0
Datacluster-Auto--97-_jpg.rf.5c80a1e11a2107a39bf8c73be6531c82.jpg, 0, 0, 0, 0, 1
00061_jpg.rf.5d0dfdeb07eecb8bb041e6581513dda9.jpg, 0, 0, 1, 0, 0
Datacluster-Truck--91-_jpg.rf.5dc7734e9787b4ce4cb6fdca19b6659a.jpg, 0, 1, 0, 0, 0
00005_jpg.rf.5ee5045747e42809c52900e1fd44ac9f.jpg, 0, 0, 1, 0, 0
20210519_06_22_13_000_wadXq0wFSqZtAe6KeW5TCRyhQ0R2_F_3120_4160_jpg.rf.6088a3c0c658ba8e9b0b75e381fc710d.jpg, 0, 0, 0, 1, 0
00184_jpg.rf.5e7a822f7399990a0bbd96c5b8c9a7f1.jpg, 0, 0, 1, 0, 0
Datacluster-Truck--48-_jpg.rf.5f4d297939f45ac769d2631a6c98bc6e.jpg, 0, 1, 0, 0, 0
00151_jpg.rf.60c1155dae043f7088b0ee11c1c1d1f8.jpg, 0, 0, 1, 0, 0
00009_jpg.rf.5e0fe72f9b3498fd0c23bb899bf30fee.jpg, 0, 0, 1, 0, 0
karnataka-buses31_jpg.rf.60ff888e1427422b6691772995c26197.jpg, 0, 0, 0, 1, 0
00010_jpg.rf.619ef415b1817f7edad6d4160900a54e.jpg, 0, 0, 1, 0, 0
00052_jpg.rf.613c1271802bd6ab44ea583d75091fca.jpg, 0, 0, 1, 0, 0
Datacluster-Auto--104-_jpg.rf.617592d207477cc92db46b7ba4a10a05.jpg, 1, 0, 0, 0, 0
00189_jpg.rf.6114615be348797238d61f3d26d31109.jpg, 0, 0, 1, 0, 0
00080_jpg.rf.63323639e9b47a60b4ff186de4537978.jpg, 0, 0, 1, 0, 0
00161_jpg.rf.621a80940874db5f1b1c32036daf1945.jpg, 0, 0, 1, 0, 0
Datacluster-Truck--126-_jpg.rf.62aba9fea1e60a12c041478d204217e8.jpg, 0, 1, 0, 0, 0
00183_jpg.rf.63422c3e25c2c35b20423df527876c6c.jpg, 0, 0, 1, 0, 0
00040_jpg.rf.62f73d15e10edeb8b99339b30eed7e5e.jpg, 0, 0, 1, 0, 0
00182_jpg.rf.637b63a183fd7ce33c3a1b2b48eb57fa.jpg, 0, 0, 1, 0, 0
00192_jpg.rf.63b7685261371983263422b698bb1f86.jpg, 0, 0, 1, 0, 0
00017_jpg.rf.63aa1cadf3b0ac2d9344895b3a541399.jpg, 0, 0, 1, 0, 0
00001_jpg.rf.64e25700473b5b7aee682e809925f709.jpg, 0, 0, 1, 0, 0
20210513_17_10_59_000_VFIdTUfZliY5RfL0OM2WYaLWmBB3_T_3120_4160_jpg.rf.6336354bbc351bfddd2f8552fa3a9bfd.jpg, 0, 0, 0, 1, 0
00110_jpg.rf.64023a00f391c9613efdd91c27292f1b.jpg, 0, 0, 1, 0, 0
00183_jpg.rf.668ec6d355e3183037b8378e91d20e00.jpg, 0, 0, 1, 0, 0
00023_jpg.rf.65486002a2993a46ef765dd4bfe2bb47.jpg, 0, 0, 1, 0, 0
00015_jpg.rf.67204eb092e62cfeeb78a601488de68c.jpg, 0, 0, 1, 0, 0
Datacluster-Truck--104-_jpg.rf.673face61300893f34506e8576dce5ae.jpg, 0, 1, 0, 0, 0
00034_jpg.rf.65bfefbceb4c6fdcaac69d718bb7acad.jpg, 0, 0, 1, 0, 0
00029_jpg.rf.653f60b44f03fae18d4f6f005e985480.jpg, 0, 0, 1, 0, 0
00194_jpg.rf.683ca207c41003f16e4e5a1e298a3f43.jpg, 0, 0, 1, 0, 0
00173_jpg.rf.678a26a7b0bf9557aa335b0656fc86c0.jpg, 0, 0, 1, 0, 0
00010_jpg.rf.65a21ee7f57bcee787070051b3504cf7.jpg, 0, 0, 1, 0, 0
20210521_06_24_56_000_BrAOj6W2TBUBuHDjEa4y4LdLrj42_F_3024_4032_jpg.rf.68246614df419a60696ea3e0fd6e879e.jpg, 0, 0, 0, 1, 0
karnataka-buses2_jpg.rf.671bfc6ca771d4eb167f6f4a024762fa.jpg, 0, 0, 0, 1, 0
00053_jpg.rf.6938b322e6ece379a8d923d3d1f125e3.jpg, 0, 0, 1, 0, 0
00130_jpg.rf.68704855cb95e3396c4329467146e591.jpg, 0, 0, 1, 0, 0
Datacluster-Truck--97-_jpg.rf.67d0492518eaf9e25db8b9d790968842.jpg, 0, 1, 0, 0, 0
00116_jpg.rf.68d27b45a4e28612f850942e44d40fc5.jpg, 0, 0, 1, 0, 0
00040_jpg.rf.68913334254e52a8cb942f4eb7941d27.jpg, 0, 0, 1, 0, 0
00057_jpg.rf.695c396a71d14219af8a380d7dec48cc.jpg, 0, 0, 1, 0, 0
00027_jpg.rf.69e9476a0c8c4cced36fbe72c7125bfb.jpg, 0, 0, 1, 0, 0
00179_jpg.rf.69a180ca7b05ad419158b63988265f36.jpg, 0, 0, 1, 0, 0
20210518_15_15_03_000_wadXq0wFSqZtAe6KeW5TCRyhQ0R2_F_3120_4160_jpg.rf.6994be1b9e84116fa623bf38895a58ec.jpg, 0, 0, 0, 1, 0
00051_jpg.rf.6c9d322b9f8421d687d14a5b595d5415.jpg, 0, 0, 1, 0, 0
00081_jpg.rf.6b025f22618ac23c8f046bdff0722dec.jpg, 0, 0, 1, 0, 0
00097_jpg.rf.6a52f85492ea1c05bbb9a0245c3c1032.jpg, 0, 0, 1, 0, 0
00030_jpg.rf.6b98d814fa4803de4f8d3ccca73b7542.jpg, 0, 0, 1, 0, 0
00166_jpg.rf.6cf579253081374007ff853dd284f5fd.jpg, 0, 0, 1, 0, 0
00093_jpg.rf.6ca8f4ec473d6a62770b236d69e63c3a.jpg, 0, 0, 1, 0, 0
Datacluster-Auto--35-_jpg.rf.6cb205dfd9c58101d0e4a876b75e398d.jpg, 0, 0, 0, 0, 1
karnataka-buses36_jpg.rf.6cfb477b3da1d0567ef1df6f64e602d3.jpg, 0, 0, 0, 1, 0
Datacluster-Truck--124-_jpg.rf.6cf5688b2d75953d6ba316af558b102b.jpg, 0, 1, 0, 0, 0
00101_jpg.rf.6e32f7e0984b843b3a2574ea57f30787.jpg, 0, 0, 1, 0, 0
00106_jpg.rf.6e3d9c2005c133916dd45e70a9039a9f.jpg, 0, 0, 1, 0, 0
00150_jpg.rf.6d8f917365eda96eb59a34b6c03f42d6.jpg, 0, 0, 1, 0, 0
00020_jpg.rf.6eaf334f827187ba9687243bb8e90e0c.jpg, 0, 0, 1, 0, 0
20210511_09_06_46_000_RMkLr8rWJDMBfnDv6WRtqfoMLT83_F_3264_2448_jpg.rf.6db5a01d434bd4cf27b14fd719faa62a.jpg, 0, 0, 0, 1, 0
00011_jpg.rf.6fa4cfc1cfcfd5766c1d8f7cb6543f00.jpg, 0, 0, 1, 0, 0
Datacluster-Auto--124-_jpg.rf.6dd7eee5557daf246013065674acf824.jpg, 0, 0, 0, 0, 1
Datacluster-Truck--135-_jpg.rf.7113bcf2fb033ea9366f75d9196590c4.jpg, 0, 1, 0, 0, 0
Datacluster-Truck--68-_jpg.rf.709cb86f8f9cb925ad323958987cb709.jpg, 0, 1, 0, 0, 0
00050_jpg.rf.701293b6a72ee48ed7a7d95db0708b9a.jpg, 0, 0, 1, 0, 0
00059_jpg.rf.7032ef9ec0854ce5ae03efaa2f40c56e.jpg, 0, 0, 1, 0, 0
00135_jpg.rf.70b4bfc3c094ee9eaa2a8ee86420de11.jpg, 0, 0, 1, 0, 0
00139_jpg.rf.6dbc7bd3d1918b592ed4f6b25b78f302.jpg, 0, 0, 1, 0, 0
00043_jpg.rf.718a2c37b00930f7ac31bbf3d0ba48ae.jpg, 0, 0, 1, 0, 0
00193_jpg.rf.7126ca272f6adf4e5b22280ea35cdb7e.jpg, 0, 0, 1, 0, 0
Datacluster-Truck--118-_jpg.rf.722b5d0b3e9acc5222e790de523c7671.jpg, 0, 1, 0, 0, 0
00164_jpg.rf.703f9c7b70808400065fd54b2b91fb3b.jpg, 0, 0, 1, 0, 0
20210511_16_16_22_000_vk6v8isL5LawZlhfFajO0BsLTcF3_T_2128_4608_jpg.rf.722d5044d738ab8fd722db71b6fe4b6f.jpg, 0, 0, 0, 1, 0
karnataka-buses11_jpg.rf.72ef1cd1786c997d07da6b985ada73f6.jpg, 0, 0, 0, 1, 0
Datacluster-Truck--44-_jpg.rf.72f2caf53df4eae02c8ddad37555b648.jpg, 0, 1, 0, 0, 0
00047_jpg.rf.6fd476130df772c8798312880012c5bf.jpg, 0, 0, 1, 0, 0
00190_jpg.rf.71f1f451dfded21fda50ca19b474c793.jpg, 0, 0, 1, 0, 0
00077_jpg.rf.73d57f4031fc54455385a3f2b4e3b9a4.jpg, 0, 0, 1, 0, 0
Datacluster-Auto--80-_jpg.rf.6fcdc22b455ea1b54e53ef980eabaf26.jpg, 0, 0, 0, 0, 1
00061_jpg.rf.743b7f0749356ad7733b1c8ca7fc5512.jpg, 0, 0, 1, 0, 0
00060_jpg.rf.7583246266f3355e855f758b7f767d8c.jpg, 0, 0, 1, 0, 0
00048_jpg.rf.75ab1c0271baf32944da67c2c2c9d09b.jpg, 0, 0, 1, 0, 0
Datacluster-Truck--57-_jpg.rf.7492ec3a42c36b1d832954a52798e566.jpg, 0, 1, 0, 0, 0
00066_jpg.rf.73a9155fda5fe16c1df948412ce29f89.jpg, 0, 0, 1, 0, 0
00193_jpg.rf.769022cde60bb3ffe11e972ca04688b9.jpg, 0, 0, 1, 0, 0
00170_jpg.rf.725c3b563110767c0ff91153ee148a4f.jpg, 0, 0, 1, 0, 0
20210515_15_27_07_000_LmtRjNo6Luc5hmBmSpVXHjbd8m13_F_4320_5760_jpg.rf.770d774063bc4c96c36f6f6ae92860e3.jpg, 0, 0, 0, 1, 0
00167_jpg.rf.77143d5313128a4b02aba49330a92d3a.jpg, 0, 0, 1, 0, 0
00054_jpg.rf.76de16833e0df7192628ebef24dff0b5.jpg, 0, 0, 1, 0, 0
00162_jpg.rf.784a460323e0b9cf59aca5f825c0c9d2.jpg, 0, 0, 1, 0, 0
00009_jpg.rf.75b02b5be13f1fba0078a050ba826dc1.jpg, 0, 0, 1, 0, 0
00132_jpg.rf.7820caabede6c8bf11e8b6b4647bffd8.jpg, 0, 0, 1, 0, 0
00107_jpg.rf.79623481d97b1c6edd471f20e1864fea.jpg, 0, 0, 1, 0, 0
Datacluster-Truck--110-_jpg.rf.78c39f67e4ee112270c9013bdc182ced.jpg, 0, 1, 0, 0, 0
Datacluster-Truck--15-_jpg.rf.79a1a70b5777d1303081b9e1605deb56.jpg, 0, 1, 0, 0, 0
20210526_17_49_34_000_bsfUf1M1E9bMsvY4ENiWwUWjDQp2_F_4160_3120_jpg.rf.79920b94b8fba61e63771ed5a8b47e7d.jpg, 0, 0, 0, 1, 0
Datacluster-Truck--102-_jpg.rf.7975dbf28f89721ad50ba5cab38defcd.jpg, 0, 1, 0, 0, 0
00136_jpg.rf.791cea57fdc53964d2f54c54f06e0b89.jpg, 0, 0, 1, 0, 0
00193_jpg.rf.7afb14a586a12e61db316823ef9c147a.jpg, 0, 0, 1, 0, 0
00069_jpg.rf.7bd055a2e5b1b66173b3a53ad68caa1d.jpg, 0, 0, 1, 0, 0
00115_jpg.rf.7a37fd1d87d80655d839eaf4513be716.jpg, 0, 0, 1, 0, 0
00117_jpg.rf.7ce38832d2344a87a30794b341ece708.jpg, 0, 0, 1, 0, 0
00187_jpg.rf.7ca1cf1d2e038e6a4d11aa607836cb34.jpg, 0, 0, 1, 0, 0
00047_jpg.rf.7d252c82e61a3d894944ec13a758faae.jpg, 0, 0, 1, 0, 0
00140_jpg.rf.7c3d47e6120ab1392895c3fa793b7ff1.jpg, 0, 0, 1, 0, 0
karnataka-buses26_jpg.rf.7ee344e27c6bc311e142a58b6eb5db16.jpg, 0, 0, 0, 1, 0
00208_jpg.rf.7d5d58061f7dfa6ee026ad9d6cb02a19.jpg, 0, 0, 1, 0, 0
00181_jpg.rf.7cdae585cf2c9395963385a71042e013.jpg, 0, 0, 1, 0, 0
Datacluster-Truck--144-_jpg.rf.7ea28317bb445678804eb07ea5acd4d1.jpg, 0, 1, 0, 0, 0
00084_jpg.rf.7d9da6eff739987b25c45de0eaaf3f17.jpg, 0, 0, 1, 0, 0
00195_jpg.rf.7feec9e921ef9ea763644f667b1f8d01.jpg, 0, 0, 1, 0, 0
00060_jpg.rf.81847bb6b4675fbe5b3c8144cfa76794.jpg, 0, 0, 1, 0, 0
20210525_20_14_16_000_bsfUf1M1E9bMsvY4ENiWwUWjDQp2_F_4160_3120_jpg.rf.75a6427550a805cc657defa4f56cddd4.jpg, 0, 0, 0, 1, 0
Datacluster-Truck--135-_jpg.rf.8085b6c14fd9e174249a63761aa68eaf.jpg, 0, 1, 0, 0, 0
karnataka-buses8_jpg.rf.801d69b193cadd27d4e61d239301c396.jpg, 0, 0, 0, 1, 0
20210522_08_37_46_000_vziunMTd68cNYgFs1iHq6d7Syft1_F_3264_2448_jpg.rf.7f9b006d0891e18bc898f4fccb7fa1ef.jpg, 0, 0, 0, 1, 0
Datacluster-Truck--11-_jpg.rf.82387a15dc447df6105bebf66757fc11.jpg, 0, 1, 0, 0, 0
00052_jpg.rf.823618811099adf962b477d200fb8ec7.jpg, 0, 0, 1, 0, 0
Datacluster-Truck--7-_jpg.rf.82add8432b22cc4da29f3dc5d48c61b7.jpg, 0, 1, 0, 0, 0
20210522_18_01_12_000_wadXq0wFSqZtAe6KeW5TCRyhQ0R2_F_3120_4160_jpg.rf.82272843519613dfda33309cdc8d4fc5.jpg, 0, 0, 0, 1, 0
Datacluster-Truck--151-_jpg.rf.826aeff7fdae018210ad939f8bab5ef1.jpg, 0, 1, 0, 0, 0
Datacluster-Truck--44-_jpg.rf.8330adba6daa206c4a3fb134663c9f14.jpg, 0, 1, 0, 0, 0
00020_jpg.rf.811d93835a598793e9fa6e7347541a57.jpg, 0, 0, 1, 0, 0
00061_jpg.rf.80ee255ca5e77e6f3547896c679ab438.jpg, 0, 0, 1, 0, 0
Datacluster-Auto--12-_jpg.rf.836c84af3cb85bfe385dab01879e6062.jpg, 0, 0, 0, 0, 1
00132_jpg.rf.8627f3a52cb3dc0df7c8abee4cf41c15.jpg, 0, 0, 1, 0, 0
00211_jpg.rf.85140ce5d298fd952f18442db7a0659a.jpg, 0, 0, 1, 0, 0
Datacluster-Truck--119-_jpg.rf.83dcbed941c2eca878efc969ce13e1a9.jpg, 0, 1, 0, 0, 0
Datacluster-Truck--114-_jpg.rf.85941e83786931895b209161c51c7099.jpg, 0, 1, 0, 0, 0
Datacluster-Truck--150-_jpg.rf.8503520d86b91f497de0b801418302f5.jpg, 0, 1, 0, 0, 0
00007_jpg.rf.864ca1ba5ac830a021249b338f1108ca.jpg, 0, 0, 1, 0, 0
20210527_07_38_47_000_T4CaxysrQ7W21Wgl1wZWBCtdRjE3_F_3264_2448_jpg.rf.866f8f60f43383ecdfa8c07f398c8f8b.jpg, 0, 0, 0, 1, 0
00181_jpg.rf.8594c58c0f4a7914b1406ec02156b526.jpg, 0, 0, 1, 0, 0
00106_jpg.rf.8422bb6c395b247b826188dd2d4c4f2c.jpg, 0, 0, 1, 0, 0
00057_jpg.rf.86c3142cc57bd7b70396c6a219c17e34.jpg, 0, 0, 1, 0, 0
Datacluster-Auto--73-_jpg.rf.879dc817487a8d5bab602d6dc67179dd.jpg, 0, 0, 0, 0, 1
20210511_17_52_05_000_OgfflYWVtcZg5UlVKsTtIh0krh83_F_4016_3008_jpg.rf.874564d449f4b140a17c8a6bb3984dea.jpg, 0, 0, 0, 1, 0
00054_jpg.rf.7f5446797409d0af9a19c6421d4c4f5f.jpg, 0, 0, 1, 0, 0
karnataka-buses11_jpg.rf.881f2ad044287dda28f63a039b28b855.jpg, 0, 0, 0, 1, 0
00123_jpg.rf.893a2b0c5c129f09cbe4e9bff8b80510.jpg, 0, 0, 1, 0, 0
00126_jpg.rf.894080466bec774b54a8f6f58a4532ef.jpg, 0, 0, 1, 0, 0
00121_jpg.rf.879f46b824a3cf2c3eb4621fce18597d.jpg, 0, 0, 1, 0, 0
Datacluster-Auto--48-_jpg.rf.885d77c958981377f6a4b1356dc10056.jpg, 0, 0, 0, 0, 1
00119_jpg.rf.86a9da4d77dd2f4e26ddbc50997c5ff1.jpg, 0, 0, 1, 0, 0
Datacluster-Truck--108-_jpg.rf.881c677a42f78005e1fe7439e02d6f78.jpg, 0, 1, 0, 0, 0
00145_jpg.rf.8accb3c7ddaebe3bf7952746b66c81ba.jpg, 0, 0, 1, 0, 0
20210528_08_20_06_000_x1Al88rRcbgbIm5Y4D4pjFVpufq2_F_4000_3000_jpg.rf.8d591013e605dc4cc85e54f1a5d15260.jpg, 0, 0, 0, 1, 0
00145_jpg.rf.8ba2ae2ceddafbca8400cde174f0f222.jpg, 0, 0, 1, 0, 0
00109_jpg.rf.8adea8a662db831c6ad29dd9987c89e8.jpg, 0, 0, 1, 0, 0
Datacluster-Truck--107-_jpg.rf.88aff820eb01c59b5667c39a063c8266.jpg, 0, 1, 0, 0, 0
00177_jpg.rf.89ee02d667b2c6659ccec09085af1fea.jpg, 0, 0, 1, 0, 0
00149_jpg.rf.89ec42473764a158fce4b5c017b49b56.jpg, 0, 0, 1, 0, 0
00127_jpg.rf.8d2cfd940490898cea4a4574a4d0ca7e.jpg, 0, 0, 1, 0, 0
00097_jpg.rf.88e192b1ec72d22d957ddde327a4a62a.jpg, 0, 0, 0, 0, 0
00175_jpg.rf.8eab299551394f866977652f30f6c5ce.jpg, 0, 0, 1, 0, 0
00057_jpg.rf.8a1fe296f3e34bb169a2ba1b8cbe5db0.jpg, 0, 0, 1, 0, 0
00002_jpg.rf.8f9d1f9c55ceff1242eac1230e7c80a3.jpg, 0, 0, 1, 0, 0
00187_jpg.rf.8aba9715898803c3c2dc40a61bec0875.jpg, 0, 0, 1, 0, 0
00161_jpg.rf.8eff1242b5fe3bde2c883af9c664f1dd.jpg, 0, 0, 1, 0, 0
Datacluster-Truck--151-_jpg.rf.8fab8ca68500fad27d2a0da3c24a52f2.jpg, 0, 1, 0, 0, 0
Datacluster-Truck--172-_jpg.rf.8ef9705f9c43480d94c15b0c345cc073.jpg, 0, 1, 0, 0, 0
00139_jpg.rf.913b49a9a30607524b6f0c4e6b91c088.jpg, 0, 0, 1, 0, 0
00177_jpg.rf.91877113c6a8a17cde263a4dee6b5011.jpg, 0, 0, 1, 0, 0
00161_jpg.rf.91e3c1bae2964c393a4166a71408bf15.jpg, 0, 0, 1, 0, 0
karnataka-buses46_jpg.rf.90bc03fc179fda90f0e08ff921a50fec.jpg, 0, 0, 0, 1, 0
Datacluster-Truck--14-_jpg.rf.921587a416a39d5c06ddf5075d1a3652.jpg, 0, 1, 0, 0, 0
Datacluster-Truck--173-_jpg.rf.9267d9457e66b243c02fe6e447a82f43.jpg, 0, 1, 0, 0, 0
00187_jpg.rf.9461123a5e519e65202bdb21063dd662.jpg, 0, 0, 1, 0, 0
karnataka-buses46_jpg.rf.92ffd197e20719ae8ee3d7bad1bd7adc.jpg, 0, 0, 0, 1, 0
00209_jpg.rf.9299f7edfc5af8626af7c7f1b9cda1c8.jpg, 0, 0, 1, 0, 0
00073_jpg.rf.94bd0a3b54fe9e9da1d1540ed12979f0.jpg, 0, 0, 1, 0, 0
Datacluster-Truck--146-_jpg.rf.959f8c6a10b71bc33f0b4b7a295bcc53.jpg, 0, 1, 0, 0, 0
00006_jpg.rf.935cc8760be9e62e648ace2dabd90b2b.jpg, 0, 0, 1, 0, 0
00066_jpg.rf.9df4c7b3199bece92daf1ff027915be1.jpg, 0, 0, 1, 0, 0
Datacluster-Truck--70-_jpg.rf.9e4285a788f835764e524360f0b01e82.jpg, 0, 1, 0, 0, 0
00041_jpg.rf.9dc150e30418d0fc7ddd06c2df99db36.jpg, 0, 0, 1, 0, 0
00172_jpg.rf.9d0ed1eeecd46b4d52dbe14774d00679.jpg, 0, 0, 1, 0, 0
00006_jpg.rf.96b59359d578e9c240bbd5917a2a1d74.jpg, 0, 0, 1, 0, 0
00159_jpg.rf.9ce3dcddf193b2bdacdf0c89dccdf0ed.jpg, 0, 0, 1, 0, 0
00125_jpg.rf.9e455ae0ac3ccc22b2a9f5a234fa5f03.jpg, 0, 0, 1, 0, 0
00136_jpg.rf.9921323caa23f3c61b66c9eb646957ec.jpg, 0, 0, 1, 0, 0
karnataka-buses9_jpg.rf.9e231fca3f267429e0bf0cd8be4bc904.jpg, 0, 0, 0, 1, 0
karnataka-buses47_jpg.rf.95d00f62525e9aef5d2fa2473005d2a0.jpg, 0, 0, 0, 1, 0
00001_jpg.rf.97614c85a4e3b577d6d553a3baa3e385.jpg, 0, 0, 1, 0, 0
Datacluster-Truck--128-_jpg.rf.972d464a0d106978b9917c6d748ea7e4.jpg, 0, 1, 0, 0, 0
20210523_16_15_36_000_wadXq0wFSqZtAe6KeW5TCRyhQ0R2_F_3120_4160_jpg.rf.96e4217ec0169e11d8aab8da3643298d.jpg, 0, 0, 0, 1, 0
karnataka-buses15_jpg.rf.9a70ad3092c0159bc8abcb95d547d8f9.jpg, 0, 0, 0, 1, 0
00061_jpg.rf.96076a58f4e2b8893674731142a157d7.jpg, 0, 0, 1, 0, 0
00089_jpg.rf.9b7b0bd61203ab8e263612b6fec079a0.jpg, 0, 0, 1, 0, 0
Datacluster-Truck--158-_jpg.rf.966a131d7e25ff3bb6c326cd1563dfec.jpg, 0, 1, 0, 0, 0
00083_jpg.rf.9da5531ee013b148f59f2e3632e0f8c7.jpg, 0, 0, 1, 0, 0
00152_jpg.rf.95f1e8fa50715ef9946ad04b9e2a7ae6.jpg, 0, 0, 1, 0, 0
00044_jpg.rf.98b18694709cab038dc5379966c53101.jpg, 0, 0, 1, 0, 0
Datacluster-Truck--18-_jpg.rf.96ec93bf5bba2bf83e63e019f72e7cba.jpg, 0, 1, 0, 0, 0
00048_jpg.rf.97eeb23f2764b0cb907432596df35f19.jpg, 0, 0, 1, 0, 0
Datacluster-Auto--104-_jpg.rf.9648d446ac2a50e6d4f228a6fb55937f.jpg, 1, 0, 0, 0, 0
00115_jpg.rf.9a773e5d77cbbdaa2f7392992c7479e8.jpg, 0, 0, 1, 0, 0
00194_jpg.rf.9ddf7e05e7db8975092b3aef3f7f653c.jpg, 0, 0, 1, 0, 0
00073_jpg.rf.9e728624b16231d25b2a0d8c2d9ca362.jpg, 0, 0, 1, 0, 0
00067_jpg.rf.9ec5c61d2a16bf793065448a0462924f.jpg, 0, 0, 1, 0, 0
karnataka-buses61_jpg.rf.9e8ffcda2c6c13d8e5a2dd72f0f999c8.jpg, 0, 0, 0, 1, 0
Datacluster-Truck--101-_jpg.rf.9f014fb8c3fb1ae8c9e6aeadc2c98bbd.jpg, 0, 1, 0, 0, 0
00092_jpg.rf.9f17f7112924f89c79c893f171bd7c1f.jpg, 0, 0, 1, 0, 0
00042_jpg.rf.9ffe53feba88ca77c7e8649a2cbc0746.jpg, 0, 0, 1, 0, 0
20210515_15_27_07_000_LmtRjNo6Luc5hmBmSpVXHjbd8m13_F_4320_5760_jpg.rf.a06332e7dcd503912de855560dfc6d1b.jpg, 0, 0, 0, 1, 0
Datacluster-Truck--18-_jpg.rf.a095153df96d7df82ef461c362fa53e0.jpg, 0, 1, 0, 0, 0
00122_jpg.rf.9f6df1ba1da5b66d81d590b90dadc2d6.jpg, 0, 0, 1, 0, 0
00160_jpg.rf.a0a697845b7dcd6f71b9a2942f3e49db.jpg, 0, 0, 1, 0, 0
00157_jpg.rf.a19ac4a1a968e98382b448dd574da156.jpg, 0, 0, 1, 0, 0
00081_jpg.rf.a1d00aeb067742b75ea315c8e28d65c3.jpg, 0, 0, 1, 0, 0
00042_jpg.rf.9fdf714cee0a4ab0b2c5c3ec35d1b3e8.jpg, 0, 0, 1, 0, 0
20210521_06_24_56_000_BrAOj6W2TBUBuHDjEa4y4LdLrj42_F_3024_4032_jpg.rf.a48990be718a7f83eba8da1ca7651094.jpg, 0, 0, 0, 1, 0
karnataka-buses5_jpg.rf.a503b3f8ff11978e6341d982d82750ee.jpg, 0, 0, 0, 1, 0
Datacluster-Truck--132-_jpg.rf.a228d634dbe8701678d5eddca777e8c3.jpg, 0, 1, 0, 0, 0
20210528_08_20_06_000_x1Al88rRcbgbIm5Y4D4pjFVpufq2_F_4000_3000_jpg.rf.a534420d5000324af207311fe6a498a8.jpg, 0, 0, 0, 1, 0
Datacluster-Auto--18-_jpg.rf.a3634329fe97e38ba55c040b9de997ee.jpg, 0, 0, 0, 0, 1
karnataka-buses16_jpg.rf.a2c508c7c3fdd46aad5cc1e67b25efaf.jpg, 0, 0, 0, 1, 0
00020_jpg.rf.a53c18c83a024a4ca2816eb57e7b2927.jpg, 0, 0, 1, 0, 0
00143_jpg.rf.a5308841c4557e870d9f0962feaf6528.jpg, 0, 0, 1, 0, 0
karnataka-buses29_jpg.rf.a62ace8750dc782292d6a87d589428b0.jpg, 0, 0, 0, 1, 0
00122_jpg.rf.a5e96a3f2eec0f921c3e8c7463f4b97e.jpg, 0, 0, 1, 0, 0
00114_jpg.rf.a677b0772ef99b1b8f15e8df65dbc966.jpg, 0, 0, 1, 0, 0
00110_jpg.rf.a6ae80c1f2da4a116cfab8d03c4383fa.jpg, 0, 0, 1, 0, 0
Datacluster-Auto--12-_jpg.rf.a692bd50cc555163d7e1b15a21e18704.jpg, 0, 0, 0, 0, 1
Datacluster-Auto--26-_jpg.rf.a7eafa5919a82a96853b2fe5cce9f50d.jpg, 0, 0, 0, 0, 1
Datacluster-Truck--47-_jpg.rf.a8eb88441d5689e4acb829312b9002d7.jpg, 0, 1, 0, 0, 0
00058_jpg.rf.a6b434bed970a23fe1db7b8b7d2add87.jpg, 0, 0, 1, 0, 0
20210522_06_38_14_000_RMkLr8rWJDMBfnDv6WRtqfoMLT83_F_3264_2448_jpg.rf.a71896291b07ab8238b757cb7e252626.jpg, 0, 0, 0, 1, 0
Datacluster-Truck--116-_jpg.rf.a87e5d3744817a72f7cc292885e7c6bf.jpg, 0, 1, 0, 0, 0
00181_jpg.rf.a8fa540f0f44dfde7078083bd31873e9.jpg, 0, 0, 1, 0, 0
Datacluster-Truck--144-_jpg.rf.a95703095acf475f1826222fa26b6dfe.jpg, 0, 1, 0, 0, 0
00030_jpg.rf.a803ddf7a3236ca64549c3e3c3764db8.jpg, 0, 0, 1, 0, 0
Datacluster-Truck--174-_jpg.rf.a7e72081a26527ba1d4c858c421402d5.jpg, 0, 1, 0, 0, 0
00202_jpg.rf.aa637dffb7574eb13952a0cba6a51596.jpg, 0, 0, 1, 0, 0
karnataka-buses6_jpg.rf.a9b9456335325777a87457a348c1614d.jpg, 0, 0, 0, 1, 0
00132_jpg.rf.a8e622d9ad94f7008b9d10fa03275e0e.jpg, 0, 0, 1, 0, 0
Datacluster-Auto--9-_jpg.rf.a9cb9fea536c87b6f8acee69127a7c56.jpg, 0, 0, 0, 0, 1
00149_jpg.rf.ab733dcb21106afba9c370f604c9bb11.jpg, 0, 0, 1, 0, 0
Datacluster-Truck--57-_jpg.rf.a97c69f923547086235620bbdf5d949f.jpg, 0, 1, 0, 0, 0
karnataka-buses8_jpg.rf.add5d6bcf68fc27510a4a6ccb74837c1.jpg, 0, 0, 0, 1, 0
Datacluster-Auto--27-_jpg.rf.aa9a493c89237e091ff2107991a83dd9.jpg, 0, 0, 0, 0, 1
00064_jpg.rf.ac607afaf3e69f408e268c09dc99a85b.jpg, 0, 0, 1, 0, 0
00066_jpg.rf.aa82400a263dbec82273766a062d496a.jpg, 0, 0, 1, 0, 0
karnataka-buses15_jpg.rf.ac9cb0aa683595067ff4408a762a8360.jpg, 0, 0, 0, 1, 0
karnataka-buses14_jpg.rf.ae146f1378c66510862f0a15879b294f.jpg, 0, 0, 0, 1, 0
00126_jpg.rf.ae2667b2bbd1d89b313a4d1f2ad7f858.jpg, 0, 0, 1, 0, 0
00064_jpg.rf.ad9a62b912bd573c3c80688532355e5d.jpg, 0, 0, 1, 0, 0
Datacluster-Truck--99-_jpg.rf.b13841368d516e3b3330d8c8890084db.jpg, 0, 1, 0, 0, 0
Datacluster-Auto--35-_jpg.rf.aff9b5f357d9634e231d0bf2d27f01ce.jpg, 0, 0, 0, 0, 1
Datacluster-Truck--14-_jpg.rf.b0b4a6c11d004b656677704467a6e089.jpg, 0, 1, 0, 0, 0
Datacluster-Truck--190-_jpg.rf.ae29b91dcf1b554df0c8e546a5fe2057.jpg, 0, 1, 0, 0, 0
00026_jpg.rf.ae8c3a59c9a51fb15ba494e150c96ee6.jpg, 0, 0, 1, 0, 0
00193_jpg.rf.b28b58626976271d270f82bf6b201c38.jpg, 0, 0, 1, 0, 0
00201_jpg.rf.af5fbcbbbc333b2b0c32a5679e862042.jpg, 0, 0, 1, 0, 0
00118_jpg.rf.af2e4075eba3964d1f461cf4ff0a3614.jpg, 0, 0, 1, 0, 0
20210529_11_32_50_000_2sQ7uoDSHQakPcTTKy9Ikfs5wWs1_F_3264_2448_jpg.rf.b27f2e1db13bd75e5975469e82091aaf.jpg, 0, 0, 0, 1, 0
00075_jpg.rf.b2cb700f1405267d7711b2ff563edb39.jpg, 0, 0, 1, 0, 0
00045_jpg.rf.b3451915bd2ee5a1e218128ea5779ed2.jpg, 0, 0, 1, 0, 0
00093_jpg.rf.b243b590889dc3f4cd67be64d16fcbfa.jpg, 0, 0, 1, 0, 0
00117_jpg.rf.b25f1813dccb167e6592dfc8b90f65d0.jpg, 0, 0, 1, 0, 0
00070_jpg.rf.b35ec2e318d3c148d8ce8e59e0ae794d.jpg, 0, 0, 1, 0, 0
00159_jpg.rf.b39c458cfd38e3c4ea56b8e85076be54.jpg, 0, 0, 1, 0, 0
00170_jpg.rf.b55837234a12026758d24984e02cb047.jpg, 0, 0, 1, 0, 0
00023_jpg.rf.b588ffa00b5795f18ecc263afda0a375.jpg, 0, 0, 1, 0, 0
00079_jpg.rf.b4ce930f9ac5fb189664d0246096228c.jpg, 0, 0, 1, 0, 0
00154_jpg.rf.b66ff2567311ac8c0cdb9f0cd11256fb.jpg, 0, 0, 1, 0, 0
00212_jpg.rf.b81bfa33772af54ece51820d50e41009.jpg, 0, 0, 1, 0, 0
00040_jpg.rf.b8abb13cb8a6073303133824490a9150.jpg, 0, 0, 1, 0, 0
Datacluster-Auto--27-_jpg.rf.b75b9ccd8ff4a713fe540aeb90e2b420.jpg, 0, 0, 0, 0, 1
00107_jpg.rf.b9226bae6e3cf844c6c5a20364f84c14.jpg, 0, 0, 1, 0, 0
00067_jpg.rf.b796803eed8dc35b2c75d2186c4e1f19.jpg, 0, 0, 1, 0, 0
Datacluster-Truck--172-_jpg.rf.b9ba1444520323ba427c8b23e01749eb.jpg, 0, 1, 0, 0, 0
Datacluster-Auto--48-_jpg.rf.b8ce6d64578360ef705f405bd31c6bf0.jpg, 0, 0, 0, 0, 1
00175_jpg.rf.b91d08426854cd45bdf845ff8ad2a48c.jpg, 0, 0, 1, 0, 0
Datacluster-Auto--128-_jpg.rf.b969a1b02ce88903c2a77591fd600834.jpg, 0, 0, 0, 0, 1
Datacluster-Truck--15-_jpg.rf.b9e8684593888845e651c7d4ae6a8193.jpg, 0, 1, 0, 0, 0
00068_jpg.rf.ba31bb87a354584ae0e16890cd3f488a.jpg, 0, 0, 1, 0, 0
00126_jpg.rf.bb5208ce252a89c05bb9386d11a40d7b.jpg, 0, 0, 1, 0, 0
00109_jpg.rf.b988b3ee89097f84003a0c3348b0549a.jpg, 0, 0, 1, 0, 0
00045_jpg.rf.b99446450e693605bb777ffb6e3d285c.jpg, 0, 0, 1, 0, 0
Datacluster-Truck--68-_jpg.rf.ba207993d0c0e346dff5e4baf038c001.jpg, 0, 1, 0, 0, 0
00184_jpg.rf.ba5d3a9a955af1c245ad3fad0b8e4b35.jpg, 0, 0, 1, 0, 0
karnataka-buses52_jpg.rf.bb7f10ed11e0a283ac9ee030cebe9b57.jpg, 0, 0, 0, 1, 0
00128_jpg.rf.bd60009a80a1dcff985691f89d1d578b.jpg, 0, 0, 1, 0, 0
00163_jpg.rf.bc608481eeb6bb5951ba5fda19bb44e8.jpg, 0, 0, 1, 0, 0
00086_jpg.rf.bc1655096b433ba1998977b341ad540b.jpg, 0, 0, 1, 0, 0
00189_jpg.rf.bd66f5a208aba8fcd69df0c61b67fd17.jpg, 0, 0, 1, 0, 0
00040_jpg.rf.bb99c9be727213563ed9061a74f3495b.jpg, 0, 0, 1, 0, 0
Datacluster-Truck--136-_jpg.rf.bc797695e0d309f818276afdf0fe9959.jpg, 0, 1, 0, 0, 0
00052_jpg.rf.bf68e538640e0d0ce32ed15acef6a73d.jpg, 0, 0, 1, 0, 0
00181_jpg.rf.c0cb68d6e81e7e55b1ad997407e17aed.jpg, 0, 0, 1, 0, 0
00160_jpg.rf.bdda45c830f8ebf64df573beaa678f3d.jpg, 0, 0, 1, 0, 0
00042_jpg.rf.c08e6dd9e532f7ebe7aaefb5019344ce.jpg, 0, 0, 1, 0, 0
00066_jpg.rf.bea4fc5669eea175a95e4aa2d1915d5b.jpg, 0, 0, 1, 0, 0
00002_jpg.rf.c10694872e14490257bab6ac0caa8261.jpg, 0, 0, 1, 0, 0
00131_jpg.rf.c3894ca508bb00b698d52efaf1eb7b94.jpg, 0, 0, 1, 0, 0
00067_jpg.rf.c226e041bb8f85dfab9d5d9f81e1f880.jpg, 0, 0, 1, 0, 0
karnataka-buses19_jpg.rf.c0dd3e6453b4d85ff9bdedbd50b2fe52.jpg, 0, 0, 0, 1, 0
Datacluster-Auto--62-_jpg.rf.c1134421571460d50a1541d2a1b123df.jpg, 0, 0, 0, 0, 1
00125_jpg.rf.c3ce98cc1c5c45061f33085a7b5ae58f.jpg, 0, 0, 1, 0, 0
Datacluster-Truck--61-_jpg.rf.c43081efd5a22f20efbc6786946dba5e.jpg, 0, 1, 0, 0, 0
Datacluster-Truck--79-_jpg.rf.c3ec6650063af083fcb4ad2a39a8c672.jpg, 0, 1, 0, 0, 0
Datacluster-Truck--143-_jpg.rf.c14d661964573eef7e3d64cc9d91e4b9.jpg, 0, 1, 0, 0, 0
Datacluster-Truck--97-_jpg.rf.c466525f5462cb53020e08c9961068ff.jpg, 0, 1, 0, 0, 0
00033_jpg.rf.c4b212ab2245c41abb195dffeb0e1dd1.jpg, 0, 0, 1, 0, 0
00085_jpg.rf.c2df691df00c6681402a0d3490dab714.jpg, 0, 0, 1, 0, 0
20210514_18_54_26_000_uA7x1XuBPngcHFRu7KambGvmgt62_F_5632_4224_jpg.rf.c50f289d8c8cfb74b9975e28ec1cfd47.jpg, 0, 0, 0, 1, 0
00058_jpg.rf.c60ee91b461c4c68101c9ba4dff7b69e.jpg, 0, 0, 1, 0, 0
Datacluster-Truck--155-_jpg.rf.c5240931cd5c825ae231c4ed254d7af5.jpg, 0, 1, 0, 0, 0
karnataka-buses5_jpg.rf.c6e459886f701a33efd7138ca644e280.jpg, 0, 0, 0, 1, 0
20210512_13_59_57_000_csn5ZBbKQsPS82BdtEmUny6qhf52_F_3000_4000_jpg.rf.c50bca5e581ccf0cc5bd72021aae03e9.jpg, 0, 0, 0, 1, 0
00119_jpg.rf.c7c3a4ee2bbf4681ff2f4d55a11f02d8.jpg, 0, 0, 1, 0, 0
00172_jpg.rf.c5c1604af8e7f47ddcf55a3f0f4642b4.jpg, 0, 0, 1, 0, 0
Datacluster-Auto--155-_jpg.rf.c984e0527564ebec746d3a947227d21d.jpg, 0, 0, 0, 0, 1
00140_jpg.rf.c9d3e1d73c9cf94deb484ea9f50716fc.jpg, 0, 0, 1, 0, 0
20210529_18_52_10_000_bsfUf1M1E9bMsvY4ENiWwUWjDQp2_F_4160_3120_jpg.rf.c5fe1fb10e9abd5320895684e6193dd5.jpg, 0, 0, 0, 1, 0
00034_jpg.rf.c9fc6a88825314ba197de2f032852a8b.jpg, 0, 0, 1, 0, 0
Datacluster-Truck--148-_jpg.rf.cb4c0f0964851c955b2e69f7eec5a53e.jpg, 0, 1, 0, 0, 0
00101_jpg.rf.ca9d7534366b5f49a066b95fbe3cfea4.jpg, 0, 0, 1, 0, 0
00088_jpg.rf.cb2bb979928d38e24fb2da38329209c0.jpg, 0, 0, 1, 0, 0
00053_jpg.rf.cc3bf3ef9950b83b4bcde4dc23fbb8a2.jpg, 0, 0, 1, 0, 0
Datacluster-Truck--132-_jpg.rf.ccd26a955170cb15232e15c2dcf6d6a8.jpg, 0, 1, 0, 0, 0
00004_jpg.rf.cdc3f39e03066f92b882c73695ddd2f6.jpg, 0, 0, 1, 0, 0
00101_jpg.rf.cdd18e778a8e5f6a3b0fdf83530d8113.jpg, 0, 0, 1, 0, 0
00136_jpg.rf.cd29c6efdfa738af62d74e4b8d3d5ade.jpg, 0, 0, 1, 0, 0
Datacluster-Truck--11-_jpg.rf.cc15401cce9cf9eb649e2ea788c02cbb.jpg, 0, 1, 0, 0, 0
00073_jpg.rf.ce1f6696ce5d87091974a287380571e6.jpg, 0, 0, 1, 0, 0
00070_jpg.rf.cd4b51c8dc6248e87a0cdb32df2f6af3.jpg, 0, 0, 1, 0, 0
00107_jpg.rf.cda8053fe0efb2ba25e7b4041184e591.jpg, 0, 0, 1, 0, 0
20210522_18_01_12_000_wadXq0wFSqZtAe6KeW5TCRyhQ0R2_F_3120_4160_jpg.rf.cc4d2242a6d30000cbc868baa380a602.jpg, 0, 0, 0, 1, 0
karnataka-buses9_jpg.rf.cd9b9c613fe04352afb4da1b27c5cb24.jpg, 0, 0, 0, 1, 0
00209_jpg.rf.ce0047d70adbe9087a5d4782cfaf6c2f.jpg, 0, 0, 1, 0, 0
00064_jpg.rf.cfad2d4cfaaae8f312ad844c72ebafa1.jpg, 0, 0, 1, 0, 0
karnataka-buses35_jpg.rf.cebf893f4931dc2ef63c7a3c342995ed.jpg, 0, 0, 0, 1, 0
karnataka-buses38_jpg.rf.d09882bac34d4ccab9af4765ca64fcb7.jpg, 0, 0, 0, 1, 0
20210519_06_22_13_000_wadXq0wFSqZtAe6KeW5TCRyhQ0R2_F_3120_4160_jpg.rf.d22fbe034e530164c71a4aae92dbf777.jpg, 0, 0, 0, 1, 0
Datacluster-Truck--94-_jpg.rf.d117b1caf789de1fe20948ad27b2dd97.jpg, 0, 1, 0, 0, 0
Datacluster-Truck--133-_jpg.rf.d1a757359aaaa5de74dcc83fbd23ff01.jpg, 0, 1, 0, 0, 0
00081_jpg.rf.d43d1831e172a0e732e970bc35772ddf.jpg, 0, 0, 1, 0, 0
Datacluster-Truck--88-_jpg.rf.d4740d5b4f40e46f55863c13fa8bef3c.jpg, 0, 1, 0, 0, 0
00162_jpg.rf.d3354fe66498fa50fb563b45fd8fd257.jpg, 0, 0, 1, 0, 0
00175_jpg.rf.d00fac377902afa8e49c363eb78e2b1d.jpg, 0, 0, 1, 0, 0
00207_jpg.rf.d2cd9f21842383d75ff6452615a1f05a.jpg, 0, 0, 1, 0, 0
00111_jpg.rf.d25b2078a0943df6e38c446e490cec51.jpg, 0, 0, 1, 0, 0
Datacluster-Truck--125-_jpg.rf.d2a2f108ff9ccf1b1209b553c1a31414.jpg, 0, 1, 0, 0, 0
00215_jpg.rf.d2347dbaf722e5b2618655f21b639b3b.jpg, 0, 0, 1, 0, 0
Datacluster-Truck--79-_jpg.rf.d3c210b46710b7e4fad0997f23d002a3.jpg, 0, 1, 0, 0, 0
Datacluster-Truck--94-_jpg.rf.d2136e909e924f57a21587e1ac7c80e5.jpg, 0, 1, 0, 0, 0
00116_jpg.rf.d42c98e11e7d801a65a5a2c9136511ab.jpg, 0, 0, 1, 0, 0
00127_jpg.rf.d4f0662a4cd3df4d4f15a4fdda084509.jpg, 0, 0, 1, 0, 0
00044_jpg.rf.d4f3fc53bf07a66e6abe0b360e38234e.jpg, 0, 0, 1, 0, 0
00059_jpg.rf.d4a541449050c5bf9c9ba26de7e917af.jpg, 0, 0, 1, 0, 0
00029_jpg.rf.d4fac082a7ad4c822dae5bc0750c646f.jpg, 0, 0, 1, 0, 0
Datacluster-Truck--35-_jpg.rf.d4d50cff3507ea2f7afe6fdcf0d30101.jpg, 0, 1, 0, 0, 0
Datacluster-Auto--22-_jpg.rf.d6ea366b2d44160d4774a3579f7c5993.jpg, 0, 0, 0, 0, 1
00015_jpg.rf.d86629d2d2e60604b899c1b9201b9ba4.jpg, 0, 0, 1, 0, 0
00033_jpg.rf.d76ba25dc3da9642933d0a65a3287d2c.jpg, 0, 0, 1, 0, 0
00153_jpg.rf.d6da8f21c1fda4a900824212205a56f2.jpg, 0, 0, 1, 0, 0
20210511_09_06_46_000_RMkLr8rWJDMBfnDv6WRtqfoMLT83_F_3264_2448_jpg.rf.d5f34706bc8225d441ec202faccac3f5.jpg, 0, 0, 0, 1, 0
00161_jpg.rf.d8e2e3a26776a2b6730fe6c98dd28e3e.jpg, 0, 0, 1, 0, 0
00043_jpg.rf.d8bd6ea27006fb635ac384811dd1be27.jpg, 0, 0, 1, 0, 0
00100_jpg.rf.dbfa7a3d32fe2141dadea10b159d7ae1.jpg, 0, 0, 1, 0, 0
00172_jpg.rf.da72610456e696b158bd188b67a83249.jpg, 0, 0, 1, 0, 0
Datacluster-Truck--173-_jpg.rf.d9190e7bcf220d68de6aae7a37e1af23.jpg, 0, 1, 0, 0, 0
Datacluster-Auto--57-_jpg.rf.d81ea688160b3593c3811395ed32a754.jpg, 0, 0, 0, 0, 1
Datacluster-Auto--56-_jpg.rf.d9224f1630dffb8cc4324445e4c31cb3.jpg, 0, 0, 0, 0, 1
Datacluster-Truck--105-_jpg.rf.da29ef3a7018e29f7df6afff60b300a6.jpg, 0, 1, 0, 0, 0
00198_jpg.rf.d90e98ac72c0ab9fe7800e326b22722b.jpg, 0, 0, 1, 0, 0
Datacluster-Truck--150-_jpg.rf.ddf31b51b1acc882af3d3aa78e20d801.jpg, 0, 1, 0, 0, 0
00088_jpg.rf.de6a5ea2f6cadd0dee7ad4ade9aa77b9.jpg, 0, 0, 1, 0, 0
Datacluster-Truck--67-_jpg.rf.dfb16f5b6fe67c574a66cacdfdac4589.jpg, 0, 1, 0, 0, 0
00052_jpg.rf.df338f361097624c197e71b510922db8.jpg, 0, 0, 1, 0, 0
00050_jpg.rf.dff9dc62d718df872b96a4c16ca03121.jpg, 0, 0, 1, 0, 0
00115_jpg.rf.df64392a6bc4094e98c58427c2ad6097.jpg, 0, 0, 1, 0, 0
20210526_17_49_34_000_bsfUf1M1E9bMsvY4ENiWwUWjDQp2_F_4160_3120_jpg.rf.d949a0bfc1506b72caeef4d8b2f31bcc.jpg, 0, 0, 0, 1, 0
Datacluster-Auto--128-_jpg.rf.df8c35cd09ee8a83ec0dab88ddd9fba4.jpg, 0, 0, 0, 0, 1
Datacluster-Truck--174-_jpg.rf.e161f671e96b41cd4ee9c55fe4befee5.jpg, 0, 1, 0, 0, 0
00023_jpg.rf.e024e6e5868ad45f75d129d70fa020c4.jpg, 0, 0, 1, 0, 0
00074_jpg.rf.dce87644491a09ba74fdf6995d0d0fb0.jpg, 0, 0, 1, 0, 0
00072_jpg.rf.dec3fbbd9e5fef10e0c7d229cb778296.jpg, 0, 0, 1, 0, 0
00162_jpg.rf.e03a4a854f8c2cea6559c9f9d8798cff.jpg, 0, 0, 1, 0, 0
Datacluster-Truck--12-_jpg.rf.e18d72bd5a52cad697f67d1e1dc07593.jpg, 0, 1, 0, 0, 0
Datacluster-Truck--59-_jpg.rf.e1b45b9dcbfaddeffa45fbebb6170cef.jpg, 0, 1, 0, 0, 0
Datacluster-Auto--56-_jpg.rf.e2da1c43e69e5fb83054ae0ee08dcdb0.jpg, 0, 0, 0, 0, 1
00195_jpg.rf.e209920b651939a7324288811680130c.jpg, 0, 0, 1, 0, 0
20210527_07_38_47_000_T4CaxysrQ7W21Wgl1wZWBCtdRjE3_F_3264_2448_jpg.rf.e1d1f5552edf6fa2824ea9f4430e56ce.jpg, 0, 0, 0, 1, 0
00137_jpg.rf.e2e9e74552b2fd3708dd6af2cd414c50.jpg, 0, 0, 1, 0, 0
20210529_11_32_50_000_2sQ7uoDSHQakPcTTKy9Ikfs5wWs1_F_3264_2448_jpg.rf.e0f419067a2b1526b2cdf6c2e9fa9bbb.jpg, 0, 0, 0, 1, 0
00204_jpg.rf.e1761a4dc384b49da25b99dfc73de446.jpg, 0, 0, 1, 0, 0
00011_jpg.rf.e5236f0b4bc10d83b9580dbc4050b21a.jpg, 0, 0, 1, 0, 0
20210529_18_52_10_000_bsfUf1M1E9bMsvY4ENiWwUWjDQp2_F_4160_3120_jpg.rf.e8c652e5a6804674147d22bbb802ac5d.jpg, 0, 0, 0, 1, 0
00179_jpg.rf.e40ad10cbe1748b1b022c10a435136d4.jpg, 0, 0, 1, 0, 0
00156_jpg.rf.e24a5afd0fac11830c2e3ea6c6fb74a5.jpg, 0, 0, 0, 0, 0
00109_jpg.rf.e6781d6ae5ca856f8034cd80104125e2.jpg, 0, 0, 1, 0, 0
00100_jpg.rf.e58fda43729304643a8ddddb87f60da8.jpg, 0, 0, 1, 0, 0
karnataka-buses36_jpg.rf.e6dede5937bdfdbc5dacefee460efcc6.jpg, 0, 0, 0, 1, 0
00088_jpg.rf.e9350a69d2cb058e06c2797a66dd81bf.jpg, 0, 0, 1, 0, 0
00201_jpg.rf.e8b8227fe1347692a8ede2a0b92e0844.jpg, 0, 0, 1, 0, 0
00092_jpg.rf.e46c8917ed00ef13a6f2ef92cae455f2.jpg, 0, 0, 1, 0, 0
Datacluster-Auto--18-_jpg.rf.e4258f14c66e63ee82297d724ac57aad.jpg, 0, 0, 0, 0, 1
00089_jpg.rf.eb24c1f6be82c7d09e9cc47a238470c5.jpg, 0, 0, 1, 0, 0
Datacluster-Truck--102-_jpg.rf.e5ccbdf6f0dc3b696c1c5192d6c58ebf.jpg, 0, 1, 0, 0, 0
00184_jpg.rf.e8c9d5ec163a451a1fc9cb44e43d31a0.jpg, 0, 0, 1, 0, 0
00150_jpg.rf.ee3293abf073480e1cbda260482904c6.jpg, 0, 0, 1, 0, 0
00065_jpg.rf.ed2208d3a1b496c2100221182417b335.jpg, 0, 0, 1, 0, 0
00096_jpg.rf.ee1509b332a14b0ac2a3716c4fc6558b.jpg, 0, 0, 1, 0, 0
Datacluster-Truck--109-_jpg.rf.ec7b8b8ee89f61d81d370c5fbf66858d.jpg, 0, 1, 0, 0, 0
00015_jpg.rf.ee3aa16d18e2c02fdd574f03d4d06068.jpg, 0, 0, 1, 0, 0
00103_jpg.rf.ecadbf52e5b89dbe2c19d6f989b78d48.jpg, 0, 0, 1, 0, 0
Datacluster-Auto--11-_jpg.rf.e86cfac7ccf7e26abe6c67551f7e1d6e.jpg, 0, 0, 0, 0, 1
00050_jpg.rf.e722db8dff3b82648fd78b405925eeda.jpg, 0, 0, 1, 0, 0
00195_jpg.rf.ec82ead03018ec21e947b071e556b3be.jpg, 0, 0, 1, 0, 0
karnataka-buses16_jpg.rf.eff88628cde85401249d2829a3ddcafd.jpg, 0, 0, 0, 1, 0
Datacluster-Auto--80-_jpg.rf.effd08dc309d61b9750666549edc910d.jpg, 0, 0, 0, 0, 1
00068_jpg.rf.f00db959baf9d3561563dbfa4fac8bc3.jpg, 0, 0, 1, 0, 0
00097_jpg.rf.f064e1c22fc0629508cfcffbad519079.jpg, 0, 0, 1, 0, 0
00137_jpg.rf.ef76548dfbd6d74b000fded87135d495.jpg, 0, 0, 1, 0, 0
00130_jpg.rf.f0324bf0948bf2fa29be19c20d810128.jpg, 0, 0, 1, 0, 0
00041_jpg.rf.f055753d6089dce989e4a9ccd64c7949.jpg, 0, 0, 1, 0, 0
00084_jpg.rf.f077f51d2e89053a8a4fe3d7084fdf8c.jpg, 0, 0, 1, 0, 0
00137_jpg.rf.f05eeeda9f6eedb57ebb43a22fe7d858.jpg, 0, 0, 1, 0, 0
00004_jpg.rf.ef2028077378a1cf9f40c2a7f297308f.jpg, 0, 0, 1, 0, 0
00059_jpg.rf.f06d2c9951c9fc05eed0ce619c78bf48.jpg, 0, 0, 1, 0, 0
20210523_16_14_17_000_wadXq0wFSqZtAe6KeW5TCRyhQ0R2_F_3120_4160_jpg.rf.004bbf95ce1f9677f01c72e23b11ef01.jpg, 0, 0, 0, 1, 0
karnataka-buses14_jpg.rf.013a129be7cded94fea696dbc3a29e57.jpg, 0, 0, 0, 1, 0
20210515_18_49_10_000_Db2I2d17GLf53JzlQRSP28hD4Ml1_T_2592_1944_jpg.rf.02fdee0b205e4b834ec3e60638d5972e.jpg, 0, 0, 0, 1, 0
00174_jpg.rf.02cc6f795ad8cfb297c04bd5122f1cc6.jpg, 0, 0, 1, 0, 0
00110_jpg.rf.01d2c925ea33f43a319d727fd93c24e2.jpg, 0, 0, 1, 0, 0
00005_jpg.rf.0045b8f1a8c7863c403d05c552b5268e.jpg, 0, 0, 1, 0, 0
00097_jpg.rf.01264d6bda63d1a54305ec8ee3fbbc86.jpg, 0, 0, 0, 0, 0
00092_jpg.rf.01a8bff7da13985074c31b71f923234c.jpg, 0, 0, 1, 0, 0
20210514_15_00_43_000_bsfUf1M1E9bMsvY4ENiWwUWjDQp2_F_4160_3120_jpg.rf.0296115d3d5b1fcdee7c1f38f92941eb.jpg, 0, 0, 0, 1, 0
20210511_17_52_05_000_OgfflYWVtcZg5UlVKsTtIh0krh83_F_4016_3008_jpg.rf.04495eec774704ae224f502999f18e4c.jpg, 0, 0, 0, 1, 0
00110_jpg.rf.03843b268635e0468f172f5f8d1aa511.jpg, 0, 0, 1, 0, 0
00131_jpg.rf.05ec3c706f93ba08b91001b3b466cf79.jpg, 0, 0, 1, 0, 0
00159_jpg.rf.054efd8cbe2c90e9910f28281f4d6aea.jpg, 0, 0, 1, 0, 0
00083_jpg.rf.05295a1c2c8c455ee7cfb3097121387a.jpg, 0, 0, 1, 0, 0
00157_jpg.rf.069bca591b3504a1713d9b374d1a7738.jpg, 0, 0, 1, 0, 0
20210513_17_10_59_000_VFIdTUfZliY5RfL0OM2WYaLWmBB3_T_3120_4160_jpg.rf.062d33d5e7e36ed01c34e351d6138806.jpg, 0, 0, 0, 1, 0
Datacluster-Auto--97-_jpg.rf.06ff163a231c1f62fa6d0a95f81ca0c9.jpg, 0, 0, 0, 0, 1
00069_jpg.rf.07100da2f08e14ff9ca97f85610086fc.jpg, 0, 0, 1, 0, 0
Datacluster-Auto--111-_jpg.rf.0885d9223cd03e8260d9e078468bf59f.jpg, 0, 0, 0, 0, 1
00001_jpg.rf.08ebe92125feae3e75df9d8baaa0c320.jpg, 0, 0, 1, 0, 0
00004_jpg.rf.08c654d9d1288d8370a47017b872656b.jpg, 0, 0, 1, 0, 0
00076_jpg.rf.09f2eed9a25f76f78faf3d588789f021.jpg, 0, 0, 1, 0, 0
20210511_16_16_22_000_vk6v8isL5LawZlhfFajO0BsLTcF3_T_2128_4608_jpg.rf.095e1566337dfbabf12d9919e15ccd0c.jpg, 0, 0, 0, 1, 0
Datacluster-Truck--127-_jpg.rf.0b2c796f22bdf67873c08b5bf12569a8.jpg, 0, 1, 0, 0, 0
00183_jpg.rf.093c6eb042e66e71c699db6735be6810.jpg, 0, 0, 1, 0, 0
karnataka-buses35_jpg.rf.09ef860f4c2817907253bfefa18d9a7e.jpg, 0, 0, 0, 1, 0
00197_jpg.rf.0c36f198a25c9f9a1947b602a27828c7.jpg, 0, 0, 1, 0, 0
00163_jpg.rf.0b1f8c7290d35d23bde44b77a639cfbb.jpg, 0, 0, 1, 0, 0
00036_jpg.rf.0b1029fbbdebbd59635d96973dd727fe.jpg, 0, 0, 1, 0, 0
00069_jpg.rf.0a75e89bb0d5ef4f771de4c228829865.jpg, 0, 0, 1, 0, 0
00068_jpg.rf.0c752842b7b0c41d9622b61a57935c44.jpg, 0, 0, 1, 0, 0
00037_jpg.rf.0d556edc90bf14ee3b9a3f09bf476d16.jpg, 0, 0, 1, 0, 0
karnataka-buses1_jpg.rf.0c7e1aa414880935d68fdf3c628365d5.jpg, 0, 0, 0, 1, 0
00026_jpg.rf.0d577484cdb539d2fd95321251153444.jpg, 0, 0, 1, 0, 0
00042_jpg.rf.0b012015c7afdbca77139d56a662539f.jpg, 0, 0, 1, 0, 0
00112_jpg.rf.0b6f5c10e21948bdf9d455bc595da7a4.jpg, 0, 0, 1, 0, 0
Datacluster-Truck--7-_jpg.rf.0cd0782c48667d824b769485c31bec50.jpg, 0, 1, 0, 0, 0
20210518_15_15_03_000_wadXq0wFSqZtAe6KeW5TCRyhQ0R2_F_3120_4160_jpg.rf.0dfcf73004afa1694c51564c9b6ad5a9.jpg, 0, 0, 0, 1, 0
Datacluster-Truck--153-_jpg.rf.0e416d51069905bcec624ed36f08057a.jpg, 0, 1, 0, 0, 0
Datacluster-Truck--180-_jpg.rf.0f20e2ea8306ff824df26b241763d374.jpg, 0, 1, 0, 0, 0
00179_jpg.rf.0ec5d609247ffbfb64a9df7979462327.jpg, 0, 0, 1, 0, 0
00054_jpg.rf.0e8278362441143e1ecb83356416d637.jpg, 0, 0, 1, 0, 0
00079_jpg.rf.0d9fe309c1b72cfd5cd312483ede5726.jpg, 0, 0, 1, 0, 0
00069_jpg.rf.0e6e1342ed667577b5b1bb0a54ee5eb8.jpg, 0, 0, 1, 0, 0
00114_jpg.rf.0fe53639c9e4dd273bd2c8c608033e7d.jpg, 0, 0, 1, 0, 0
00177_jpg.rf.0f39a635de258fda77f9dd0a971ffbfb.jpg, 0, 0, 1, 0, 0
Datacluster-Truck--101-_jpg.rf.12335e2cacc888080a48744889eb9c6a.jpg, 0, 1, 0, 0, 0
Datacluster-Truck--50-_jpg.rf.0d950500b2e81a813ea6b96a5a36740f.jpg, 0, 1, 0, 0, 0
00002_jpg.rf.0f9e6f4fdf988de0aeb7cb7163087f5d.jpg, 0, 0, 1, 0, 0
00027_jpg.rf.10e27042b8c3d5575d6b8a55e3db3e5e.jpg, 0, 0, 1, 0, 0
00117_jpg.rf.108f0f2b9dffc994712c6992b48a2cb0.jpg, 0, 0, 1, 0, 0
00160_jpg.rf.10c6f68c1bce3a405ed281b754a64ed4.jpg, 0, 0, 1, 0, 0
00076_jpg.rf.12b96cb20876921cdb045602a16d50a4.jpg, 0, 0, 1, 0, 0
00151_jpg.rf.13a65e38c5c729dae77eb5c573787a0f.jpg, 0, 0, 1, 0, 0
00088_jpg.rf.11434c5c8fd41ad1014e8ae76292e90d.jpg, 0, 0, 1, 0, 0
00091_jpg.rf.142b26ddfb69ea8d74cf2580b7057986.jpg, 0, 0, 1, 0, 0
karnataka-buses44_jpg.rf.140af35c704d6da9c6e5319f8398284c.jpg, 0, 0, 0, 1, 0
20210516_09_52_29_000_5XOkot3crTZw22PEJp2NMSjGIc83_T_4608_3456_jpg.rf.1453c0eb54a9c29734d2c639ac69141b.jpg, 0, 0, 0, 1, 0
00072_jpg.rf.130320b08b2e1503ce6d09e5a1dfbe8f.jpg, 0, 0, 1, 0, 0
Datacluster-Truck--178-_jpg.rf.15ac224a6eea6f1dd779263d1c227908.jpg, 0, 1, 0, 0, 0
00151_jpg.rf.15ccfdd3dad33953915f276341aaddb6.jpg, 0, 0, 1, 0, 0
00125_jpg.rf.1752460fdb1024578d2d28c3c9a6194c.jpg, 0, 0, 1, 0, 0
00041_jpg.rf.16b2f169bac37daab62e43d1ed073e21.jpg, 0, 0, 1, 0, 0
Datacluster-Auto--113-_jpg.rf.17b46757fb8f6248cae7eb11c3f6778a.jpg, 0, 0, 0, 0, 1
00006_jpg.rf.16dc459be333b911dd524b6de782362e.jpg, 0, 0, 1, 0, 0
Datacluster-Truck--124-_jpg.rf.160d47cb96986c74fb7e2b6fd86baf9d.jpg, 0, 1, 0, 0, 0
karnataka-buses38_jpg.rf.17c1c458e0e09993aa49283a556b641e.jpg, 0, 0, 0, 1, 0
00060_jpg.rf.1884e03b1d4371c2cb8ae8dda52ddcfd.jpg, 0, 0, 1, 0, 0
00154_jpg.rf.1a04188ac2cf678b4b73f06dd652a249.jpg, 0, 0, 1, 0, 0
00044_jpg.rf.19777305db52be1eccc145a6795227eb.jpg, 0, 0, 1, 0, 0
00080_jpg.rf.19cce8453fceb94320079cfed80e6e4f.jpg, 0, 0, 1, 0, 0
00145_jpg.rf.197b260f0b770061b67a179f8f2fedcf.jpg, 0, 0, 1, 0, 0
00003_jpg.rf.19234226a1eaacf1838a3e694108fdb1.jpg, 0, 0, 1, 0, 0
Datacluster-Truck--109-_jpg.rf.1a9948fc2cba4e923d525869c2fbcc7b.jpg, 0, 1, 0, 0, 0
00208_jpg.rf.1c259d941e977c48f7bba286408b7417.jpg, 0, 0, 1, 0, 0
Datacluster-Auto--111-_jpg.rf.1ba5f7ecf7327573cacddf43ec830f81.jpg, 0, 0, 0, 0, 1
Datacluster-Truck--93-_jpg.rf.1a33bcbb75a76922421ef00af6ad3a51.jpg, 0, 1, 0, 0, 0
Datacluster-Truck--128-_jpg.rf.17b26e83f7df53725a2247ec738249c2.jpg, 0, 1, 0, 0, 0
Datacluster-Auto--62-_jpg.rf.1c12e9542efd457380662967b98910f2.jpg, 0, 0, 0, 0, 1
Datacluster-Truck--153-_jpg.rf.1d91bc1db14b7336575746012aaca5c8.jpg, 0, 1, 0, 0, 0
karnataka-buses60_jpg.rf.1a4bd07b428104ef754f5e75d22f74f7.jpg, 0, 0, 0, 1, 0
00149_jpg.rf.1a91b66dfe04f1c3ea8263a457e565c7.jpg, 0, 0, 1, 0, 0
00192_jpg.rf.1d672946a744e0d1f770e723a5f58a1f.jpg, 0, 0, 1, 0, 0
20210522_08_37_46_000_vziunMTd68cNYgFs1iHq6d7Syft1_F_3264_2448_jpg.rf.1b8eeed75eb7bef94eb8255e4a034549.jpg, 0, 0, 0, 1, 0
Datacluster-Auto--4-_jpg.rf.1f376b4c80f39e4b5286f9d78590f80c.jpg, 0, 0, 0, 0, 1
Datacluster-Truck--108-_jpg.rf.1fa8e2cdb1f9d6c4f789631d19af2efe.jpg, 0, 1, 0, 0, 0
00112_jpg.rf.1dc7506f6d380d493d748f08681debfb.jpg, 0, 0, 1, 0, 0
00002_jpg.rf.1f7d3ccde4f9d6595a1512076883ef30.jpg, 0, 0, 1, 0, 0
00200_jpg.rf.1e2f52a50e18f80cfb8e120079981160.jpg, 0, 0, 1, 0, 0
00147_jpg.rf.1f1d303625ffc67275066b90774f0322.jpg, 0, 0, 1, 0, 0
karnataka-buses63_jpg.rf.1d06b0d207e86db674cf96b2433c18ad.jpg, 0, 0, 0, 1, 0
00153_jpg.rf.1f86494d999fa809512aa051bf915433.jpg, 0, 0, 1, 0, 0
00207_jpg.rf.1d9a25997913d6d985cd2f93db0363c0.jpg, 0, 0, 1, 0, 0
00170_jpg.rf.1fcd8c0f29b847c5ee333973510fc2c0.jpg, 0, 0, 1, 0, 0
00028_jpg.rf.203b2ece2dae89c0cce95b6adc9a9034.jpg, 0, 0, 1, 0, 0
00075_jpg.rf.20c71860a3dd42952f2b134e0a06c3ef.jpg, 0, 0, 1, 0, 0
Datacluster-Auto--87-_jpg.rf.202b52a9e304708ee280daa7f8f5785d.jpg, 0, 0, 0, 0, 1
karnataka-buses52_jpg.rf.21de52a9d71ab1f73c38cd3aacfad196.jpg, 0, 0, 0, 1, 0
Datacluster-Truck--119-_jpg.rf.21ef3ead6856430410660aec77d6c7ea.jpg, 0, 1, 0, 0, 0
Datacluster-Truck--180-_jpg.rf.21e2525831bf77ba82598599c5b8567d.jpg, 0, 1, 0, 0, 0
00071_jpg.rf.2041d614e8eb23646c77e4fed5f732d3.jpg, 0, 0, 1, 0, 0
Datacluster-Truck--84-_jpg.rf.24ccbff7394f408c97c2ec80317ce434.jpg, 0, 1, 0, 0, 0
00145_jpg.rf.21412ab0625b8a6e8cda32dc10c5a073.jpg, 0, 0, 1, 0, 0
Datacluster-Auto--26-_jpg.rf.23264374ade09d7e681ba6d41541632f.jpg, 0, 0, 0, 0, 1
00143_jpg.rf.233cd5bec6dc89c742f5f5fac67831f2.jpg, 0, 0, 1, 0, 0
Datacluster-Auto--29-_jpg.rf.222b423a2fa09c9dc5fd672657334c0d.jpg, 0, 0, 0, 0, 1
20210515_18_49_10_000_Db2I2d17GLf53JzlQRSP28hD4Ml1_T_2592_1944_jpg.rf.260efa5df4f9b00107d2afb7fdffdbab.jpg, 0, 0, 0, 1, 0
00173_jpg.rf.2370ee54ef31c9354cfbe6e0a953e214.jpg, 0, 0, 1, 0, 0
00103_jpg.rf.21f2d260955e2dd2a67f78fcfdef5934.jpg, 0, 0, 1, 0, 0
00044_jpg.rf.25f7a7dddc40dd770887d50a03ecdc51.jpg, 0, 0, 1, 0, 0
00074_jpg.rf.24e8af3f5958e241a056d82e489c14af.jpg, 0, 0, 1, 0, 0
00064_jpg.rf.26499125e4266aa31a4f43839210927e.jpg, 0, 0, 1, 0, 0
Datacluster-Truck--35-_jpg.rf.26a2aa6dfe1c3d145038ada36c360319.jpg, 0, 1, 0, 0, 0
Datacluster-Truck--67-_jpg.rf.2a15d051d7f8fb8dbd7d7965f6dc4fe8.jpg, 0, 1, 0, 0, 0
00100_jpg.rf.2a78a0898cbdf93f7514cfe867276b34.jpg, 0, 0, 1, 0, 0
00036_jpg.rf.29dfba6573019669ecec8959ce2414dd.jpg, 0, 0, 1, 0, 0
karnataka-buses29_jpg.rf.27cb6c089f9e3c8f0ef1735a4404ac74.jpg, 0, 0, 0, 1, 0
karnataka-buses70_jpg.rf.2a6eb03e7c144698408724c383ff490c.jpg, 0, 0, 0, 1, 0
20210522_06_38_14_000_RMkLr8rWJDMBfnDv6WRtqfoMLT83_F_3264_2448_jpg.rf.26eae73a3399d9e14d912918d410ef9f.jpg, 0, 0, 0, 1, 0
Datacluster-Truck--192-_jpg.rf.2b904e15481bfb1fa3674e15f520bfbe.jpg, 0, 1, 0, 0, 0
20210528_06_35_18_000_uG34k7PYU3Vl1s3TN3CgCCyDiFj1_F_3264_2448_jpg.rf.2a2c61e327c670e0e097980ab6c19c5b.jpg, 0, 0, 0, 1, 0
Datacluster-Truck--192-_jpg.rf.2ab8f2024b0b96c46061ae89bd24934d.jpg, 0, 1, 0, 0, 0
Datacluster-Truck--48-_jpg.rf.2c8203bdf4fd8e68b5a7b332873575c3.jpg, 0, 1, 0, 0, 0
00167_jpg.rf.2cc60339904f5ae9867fe038d11c8565.jpg, 0, 0, 1, 0, 0
00025_jpg.rf.2d7d8f7818533a725fcd76f2debc59ae.jpg, 0, 0, 1, 0, 0
00119_jpg.rf.2b322e275345b125276401a1dc26f51e.jpg, 0, 0, 1, 0, 0
Datacluster-Truck--125-_jpg.rf.2ba20fcf01a66f01c2c9446a81a15e82.jpg, 0, 1, 0, 0, 0
00204_jpg.rf.2eff9ee5528d3d8bd013f192922a7f3d.jpg, 0, 0, 1, 0, 0
00107_jpg.rf.2e0d3fa6cbd394e591ff7a8816ee7a81.jpg, 0, 0, 1, 0, 0
00024_jpg.rf.2e6c1791e6bf254427151dd619708665.jpg, 0, 0, 1, 0, 0
Datacluster-Truck--85-_jpg.rf.2e3614f846981edb8966b4f1fe82d004.jpg, 0, 1, 0, 0, 0
karnataka-buses60_jpg.rf.2ee26ea03a55b219fc4a797ac763b62f.jpg, 0, 0, 0, 1, 0
Datacluster-Truck--190-_jpg.rf.2f6458d84d5eb7009499893f9852094c.jpg, 0, 1, 0, 0, 0
Datacluster-Truck--140-_jpg.rf.2f4d5cf57eb0592e7b8fd73b64f26fd2.jpg, 0, 1, 0, 0, 0
Datacluster-Truck--12-_jpg.rf.2f9addd88c343246b9e63169f1a0de51.jpg, 0, 1, 0, 0, 0
Datacluster-Truck--33-_jpg.rf.30d896a14acaaf7add134ed16bc1be55.jpg, 0, 1, 0, 0, 0
Datacluster-Truck--93-_jpg.rf.307cabed5f364a86de8f4b57cce16274.jpg, 0, 1, 0, 0, 0
Datacluster-Truck--9-_jpg.rf.2f5b9a92fddf62f90253b2cedca491cd.jpg, 0, 1, 0, 0, 0
00025_jpg.rf.2ea1c85971f6777c4259e15dd5618744.jpg, 0, 0, 1, 0, 0
00191_jpg.rf.3047e69820f15e557dbd9ad08395eea1.jpg, 0, 0, 1, 0, 0
Datacluster-Truck--89-_jpg.rf.3012b9e4346b68a6e2e188179ac6a042.jpg, 0, 1, 0, 0, 0
Datacluster-Truck--107-_jpg.rf.302787f75e5e026272441ac66adc4b68.jpg, 0, 1, 0, 0, 0
00041_jpg.rf.32553bf36ade06b6df8dbcf21d8993a8.jpg, 0, 0, 1, 0, 0
00211_jpg.rf.3225117838904162e6c821805aa4041f.jpg, 0, 0, 1, 0, 0
00125_jpg.rf.2cfb36f62e351e23a08d563b2d87fbc9.jpg, 0, 0, 1, 0, 0
Datacluster-Truck--88-_jpg.rf.2c0e1a4453d1e510fc8c935eff7101c3.jpg, 0, 1, 0, 0, 0
00123_jpg.rf.3244e09b958a9b06a2ae61a5668ea840.jpg, 0, 0, 1, 0, 0
Datacluster-Auto--155-_jpg.rf.33abe6bf4846009b5963be4557484283.jpg, 0, 0, 0, 0, 1
Datacluster-Auto--92-_jpg.rf.317279b7b20feeea11ea39fa136143b0.jpg, 0, 0, 0, 0, 1
20210516_09_52_29_000_5XOkot3crTZw22PEJp2NMSjGIc83_T_4608_3456_jpg.rf.33e659355896f81d64a4c4603cc99e93.jpg, 0, 0, 0, 1, 0
00198_jpg.rf.31d63aea96ce68a6b104bcb5b3297701.jpg, 0, 0, 1, 0, 0
20210512_13_59_57_000_csn5ZBbKQsPS82BdtEmUny6qhf52_F_3000_4000_jpg.rf.328472ce23109495cbf17c137010b248.jpg, 0, 0, 0, 1, 0
karnataka-buses20_jpg.rf.33eb8b776106fa9c976fed3cba81a759.jpg, 0, 0, 0, 1, 0
00182_jpg.rf.337d0f206524da7b511c0d8095609c79.jpg, 0, 0, 1, 0, 0
00072_jpg.rf.34d4f12ca0ab38e390b6d35ccda51298.jpg, 0, 0, 1, 0, 0
00082_jpg.rf.34fc3c73d23691eac08b8c59b426c111.jpg, 0, 0, 1, 0, 0
00162_jpg.rf.3328600f1ac7dcc64ee72bbbf4cc1608.jpg, 0, 0, 1, 0, 0
00068_jpg.rf.3544a933b2f28ff3bd48c3de4fd5f51b.jpg, 0, 0, 1, 0, 0
00197_jpg.rf.36731de2a86f226f20dd7bacf9b07712.jpg, 0, 0, 1, 0, 0
00114_jpg.rf.342e0a11b1dc9f3cef109495a6082b04.jpg, 0, 0, 1, 0, 0
00087_jpg.rf.35fc4298ec2c152671c821d172aaeb6c.jpg, 0, 0, 1, 0, 0
00025_jpg.rf.3743a856ec5b37781202f6729d92c716.jpg, 0, 0, 1, 0, 0
00160_jpg.rf.3617751313e4593f8c0cac64bb16e08d.jpg, 0, 0, 1, 0, 0
00072_jpg.rf.3614932249569ae02393a7ef22cca19f.jpg, 0, 0, 1, 0, 0
karnataka-buses4_jpg.rf.357571dd212f7535717b1767228af851.jpg, 0, 0, 0, 1, 0
00112_jpg.rf.391d764c471e30c00e8cc0e01877788f.jpg, 0, 0, 1, 0, 0
00012_jpg.rf.383273a148ba48149e47972571f4e415.jpg, 0, 0, 1, 0, 0
00062_jpg.rf.393b86c7e68ee09a9122933c4c8a019d.jpg, 0, 0, 1, 0, 0
Datacluster-Truck--50-_jpg.rf.37195280a9d42afeffcbe39b0fd96a2b.jpg, 0, 1, 0, 0, 0
Datacluster-Truck--4-_jpg.rf.385a570d60be91bd9ed4d52b2ae21016.jpg, 0, 1, 0, 0, 0
00132_jpg.rf.38085cae416f94848272ec66bed99bcf.jpg, 0, 0, 1, 0, 0
00200_jpg.rf.39eda2f0c8c57292ca1037f487c66ff2.jpg, 0, 0, 1, 0, 0
00048_jpg.rf.393aafd63f519a0f113ba97b21aed8a0.jpg, 0, 0, 1, 0, 0
Datacluster-Truck--9-_jpg.rf.39b5bce9ebc9f6fde14daf36cf8caee8.jpg, 0, 1, 0, 0, 0
00146_jpg.rf.39facf77170bd77e7e0458ee5c6bbbf9.jpg, 0, 0, 1, 0, 0
00199_jpg.rf.3a91b4ad6a7b971ae769ed67e49aea9d.jpg, 0, 0, 1, 0, 0
20210528_06_35_18_000_uG34k7PYU3Vl1s3TN3CgCCyDiFj1_F_3264_2448_jpg.rf.3dabb466441bd75fdd3524386403dfa4.jpg, 0, 0, 0, 1, 0
00007_jpg.rf.3e5a7eba95aa429b79e9693977facf07.jpg, 0, 0, 1, 0, 0
00092_jpg.rf.3b48a80c7de527a457bd6eff5a0fe863.jpg, 0, 0, 1, 0, 0
00147_jpg.rf.3dad0ec77da763cb1e3b0761859e62d2.jpg, 0, 0, 1, 0, 0
00091_jpg.rf.3ff6f9b1eff2054c43c065fc34f0743b.jpg, 0, 0, 1, 0, 0
00140_jpg.rf.3b12ed17b813c22d73616a56b89864cb.jpg, 0, 0, 1, 0, 0
00147_jpg.rf.3a4cdc27227b31f9f7c90eb0d22286b3.jpg, 0, 0, 1, 0, 0
Datacluster-Truck--179-_jpg.rf.3ae9ef4a8d8a7207a0a77f8a37fa097a.jpg, 0, 1, 0, 0, 0
00135_jpg.rf.3b9738f33a78d1f85c651be41a5c58c1.jpg, 0, 0, 1, 0, 0
00202_jpg.rf.3ed2c5828e743191677d092f41b07643.jpg, 0, 0, 1, 0, 0
00129_jpg.rf.3dc8dbc77d1314aceac47410ea9b21bd.jpg, 0, 0, 1, 0, 0
00136_jpg.rf.3df3113c68e43b2bdd9743b821df4d15.jpg, 0, 0, 1, 0, 0
00215_jpg.rf.3e610fff8ed2a70b0586209be5d26695.jpg, 0, 0, 1, 0, 0
Datacluster-Truck--89-_jpg.rf.4043826b569494e5b0b3cf3c032156fe.jpg, 0, 1, 0, 0, 0